Date,Temperature,Relative Humidity,Wind Speed,Precipitation,Pressure,Generated
01/01/2016,28.86,63.5,1.16,0,1000.34,16.31758333
02/01/2016,29.58,60.75,1.5,0,1000.3,29.66133333
03/01/2016,29.26,74.75,1.56,0,1000.19,33.10579166
04/01/2016,29.2,64,2.66,0,1000.19,29.73825
05/01/2016,29.02,63.75,1.83,0,1000.89,29.9935
06/01/2016,29.08,66,1.23,0,1000.89,29.445875
07/01/2016,27.46,77.25,1.83,0.2,1001.25,25.85695833
08/01/2016,24.96,94,0.36,0,1001,29.32966666
09/01/2016,26.52,75.75,0.43,0.2,1001.27,10.07966666
10/01/2016,26.7,82.5,0.83,0,1000.94,32.74004166
11/01/2016,28.36,62.5,1.5,0,1000.12,41.622
12/01/2016,28.82,62,0.9,0,999.39,37.946625
13/01/2016,28.36,68,1.83,0,999.5,17.67333333
14/01/2016,27.9,71,1.03,0,1000.69,12.13070833
15/01/2016,28.34,68.25,1.5,0,1000.46,16.76204166
16/01/2016,28.64,65,0.66,0,999.58,25.06820833
17/01/2016,27.12,81.5,0.5,0,1000.07,19.30029166
18/01/2016,27.5,80.5,0.83,30.8,999.55,21.389625
19/01/2016,24.3,89.75,0.5,12.6,1000.3,9.13258333
20/01/2016,25.8,83.25,1.6,7.2,999.6,4.051125
21/01/2016,23.86,92.25,0.83,9.4,1000.84,0
22/01/2016,25.92,84.25,0.43,3.6,1001.3,1.34441666
23/01/2016,26.96,84.25,1.26,0.2,1002.28,11.35733333
24/01/2016,26.26,91.5,1.6,0.2,1002.67,6.02320833
25/01/2016,26.5,73.25,0.83,0.2,1002.53,38.22916666
26/01/2016,26.12,86.5,0.7,0,1001.71,22.11616666
27/01/2016,26.82,74.5,1.5,0.2,1001.04,30.92333333
28/01/2016,25.94,84,0.23,0,1001.58,10.81458333
29/01/2016,26.5,76,0.76,0,1000.79,22.298
30/01/2016,26.3,70.5,0.73,0,1000.86,21.43116666
31/01/2016,25.1,88,0.5,0,1001.63,26.244875
01/02/2016,23.42,94.25,0.56,2.3580661075481006,1002.57,8.18866666
02/02/2016,24.58,92.5,0.5,2.3580661075481006,1001.03,6.90925
03/02/2016,25.56,93.5,0.33,2.3580661075481006,1000.39,5.36708333
04/02/2016,26.62,82.5,0.66,2.3580661075481006,1000.1,17.90566666
05/02/2016,26.64,77,0.26,2.3580661075481006,1001.02,17.36466666
06/02/2016,26.64,80.75,0.53,2.3580661075481006,1001.94,19.84895833
07/02/2016,26.98,76.25,1.1,2.3580661075481006,1001.58,25.263
08/02/2016,26.1,85,0.83,2.3580661075481006,1002.91,11.56079166
09/02/2016,26.48,82.75,0.66,2.3580661075481006,1002.78,18.02654166
10/02/2016,27.16,80.5,0.83,2.3580661075481006,1001.89,30.598625
11/02/2016,27.34,71.5,1,2.3580661075481006,1001.11,19.933875
12/02/2016,27.28,79,1,2.3580661075481006,1000.77,11.71095833
13/02/2016,27.14,74.5,1.33,2.3580661075481006,1000.8,8.617125
14/02/2016,26.12,80,0.83,2.3580661075481006,1000.8,15.742625
15/02/2016,26.62,77.5,0.43,2.3580661075481006,1000.29,9.91691666
16/02/2016,27.92,69.25,0.75,2.3580661075481006,999.49,25.7575
17/02/2016,27.78,75.5,0.66,2.3580661075481006,999.22,25.24266666
18/02/2016,25.88,80.5,0.83,2.3580661075481006,1000.3,18.67
19/02/2016,25.96,81.25,0.83,2.3580661075481006,1000.18,27.35904166
20/02/2016,25.9,79.25,1.06,2.3580661075481006,1000.59,25.6765
21/02/2016,27.16,73.25,0.83,2.3580661075481006,998.81,29.279375
22/02/2016,27.36,74.25,1.83,2.3580661075481006,998.86,26.94058333
23/02/2016,26.62,79.25,0.66,2.3580661075481006,1000.65,7.995
24/02/2016,28.1,65,0.66,2.3580661075481006,999.96,18.73366666
25/02/2016,27.74,71.25,0.76,2.3580661075481006,999.29,24.05391666
26/02/2016,27.78,71.5,1.66,2.3580661075481006,999.23,21.92841666
27/02/2016,27.82,72,1,2.3580661075481006,1000.32,17.75379166
28/02/2016,26.52,81.75,0.83,2.3580661075481006,1000.52,7.86791666
29/02/2016,27.24,70.25,0.83,2.3580661075481006,1000.1,17.127625
01/03/2016,28.36,65,1.16,2.3580661075481006,999.75,19.49129166
02/03/2016,28.08,63.5,0.76,0,999.78,22.62920833
03/03/2016,27.02,70.5,0.66,0,1000.23,25.32258333
04/03/2016,27,61.75,0.46,0,1000.2,28.91229166
05/03/2016,27.64,72,2,0,999.89,30.99358333
06/03/2016,28.22,60,1.23,0,999.94,18.10533333
07/03/2016,28.5,62.25,0.93,0,999.88,25.56916666
08/03/2016,27.56,85.75,2.16,0,1000.13,13.16029166
09/03/2016,27.58,74.25,0.73,0,1000.05,7.75279166
10/03/2016,27.12,76.25,1,0,1000.42,13.89883333
11/03/2016,26.5,76.75,0.83,0,1001.83,7.93170833
12/03/2016,27.2,68.25,0.83,0,1001.61,16.39020833
13/03/2016,27.9,66,1.33,0,1001.2,19.26366666
14/03/2016,26.72,76,0.5,0,1001.39,10.34604166
15/03/2016,27.54,79,0.66,0,1001.28,12.11683333
16/03/2016,28.22,76.25,0.66,0,1001.38,21.57704166
17/03/2016,26.68,84,0.66,0,1002.24,16.55825
18/03/2016,27.2,74.25,0.66,0,1001.37,25.247875
19/03/2016,28.16,70.25,0.63,0,1000.68,21.36583333
20/03/2016,27.4,72.5,0.66,0,1000.7,25.90891666
21/03/2016,27.54,80.75,0.83,0,1001.53,20.70679166
22/03/2016,26.98,82.25,0.33,0,1002.19,7.36645833
23/03/2016,27.56,72,0.7,0,1001.07,21.73416666
24/03/2016,27.8,67.75,0.63,8.8,1000.54,15.37829166
25/03/2016,27.72,72.5,0.66,1.6,1000.48,21.12558333
26/03/2016,27.8,81,0.83,0.8,1000.67,12.40975
27/03/2016,26.4,75.5,0.83,0,1000.45,26.38654166
28/03/2016,26.58,79,0.26,1.4,1000.07,10.57208333
29/03/2016,26,81.25,0.83,2.6,1001.58,5.38495833
30/03/2016,26.24,79.25,0.36,6.4,1002.69,4.087875
31/03/2016,26.86,79.75,0.75,21.6,1002.6,7.26316666
01/04/2016,25.9,87,0.43,2.3580661075481006,1001.29,2.35158333
02/04/2016,25.38,91,0.43,2.3580661075481006,1000.06,1.29575
03/04/2016,24.7,89.25,0.13,2.3580661075481006,1001.2,0.29104166
04/04/2016,26.84,80,0.5,2.3580661075481006,1002.25,0.79975
05/04/2016,26.54,89.25,0.43,2.3580661075481006,1001.99,3.69758333
06/04/2016,25.56,88,0.76,2.3580661075481006,1000.6,0.56516666
07/04/2016,25.38,88.75,0.53,2.3580661075481006,1000.63,1.97745833
08/04/2016,26.9,84,1.16,2.3580661075481006,1000.41,7.26716666
09/04/2016,26.46,81,0.83,2.3580661075481006,999.76,12.29729166
10/04/2016,27.04,80.5,0.66,2.3580661075481006,999.2,32.00391666
11/04/2016,25.72,89.25,0.33,2.3580661075481006,999.69,8.15983333
12/04/2016,25.94,78,0.66,2.3580661075481006,999.88,10.80454166
13/04/2016,26.44,77.25,0.43,2.3580661075481006,1000.31,9.19225
14/04/2016,27.32,81,0.66,2.3580661075481006,1000.54,6.77141666
15/04/2016,27,79.25,0.2,2.3580661075481006,1000.7,10.119875
16/04/2016,26.64,88,0.2,2.3580661075481006,1000.65,4.73891666
17/04/2016,26.82,79.75,0.3,2.6,1001,10.985
18/04/2016,27.04,84.25,0.66,0,1000.71,10.86254166
19/04/2016,27.16,75.25,0.56,1.6,1000.09,18.54641666
20/04/2016,27.84,74.75,0.6,0,999.43,14.8925
21/04/2016,26.88,78.75,0.4,4.2,999.69,14.03291666
22/04/2016,25.04,92.5,0.5,4.8,1001.8,27.35925
23/04/2016,26.76,81.75,0.83,4.2,1000,15.44216666
24/04/2016,26.98,79.5,0.5,0,999.17,33.51645833
25/04/2016,27.14,77,0.56,0,998.4,26.11583333
26/04/2016,27.2,81,0.83,0,998.99,5.053875
27/04/2016,27.5,76.75,0.66,0,999.89,21.86708333
28/04/2016,26.8,73,1,0,999.57,40.473
29/04/2016,26.72,78.5,0.43,0,999.42,38.00341666
30/04/2016,27.18,73.5,0.3,0,999.69,15.50104166
01/05/2016,27.1,80.5,0.83,0,1000.31,17.78729166
02/05/2016,26.4,86.25,0.83,0,1001.24,9.734125
03/05/2016,26.06,87.5,0.5,2.8,1001.69,1.462125
04/05/2016,27.22,73.5,0.7,0,1001.4,21.96716666
05/05/2016,26.58,79.75,0.53,0,1002.16,15.82770833
06/05/2016,26.8,81.25,1.16,0,1002.16,9.28320833
07/05/2016,27.66,73.75,1,0,1001.13,11.04704166
08/05/2016,27.5,75.25,0.83,0.4,999.97,13.3
09/05/2016,26.7,89.25,0.53,0,1000.79,16.605625
10/05/2016,27.28,78.25,0.66,20.6,1001.22,20.738375
11/05/2016,26.64,91,0.33,0.4,1001.73,13.870625
12/05/2016,25.96,86.5,0.66,6,1002.43,20.09570833
13/05/2016,27.2,80,0.33,3.4,1002.53,22.70366666
14/05/2016,26.56,92,0.36,0,1003.07,15.54395833
15/05/2016,26.98,84.75,0.3,0.4,1002.63,19.00129166
16/05/2016,27.36,75,0.83,2.8,1002.86,21.82629166
17/05/2016,27,72,0.33,0,1001.98,25.87158333
18/05/2016,27.02,73.5,0.83,0,1001.2,33.21220833
19/05/2016,27.14,72.25,0.53,0,1001.59,29.86154166
20/05/2016,27.28,66.25,0.66,0,1002.56,28.72020833
21/05/2016,27.48,65,0.83,0,1003.4,28.44320833
22/05/2016,27.44,69.5,0.83,0,1002.86,25.05666666
23/05/2016,27.42,72.5,0.26,0,1003.38,23.1075
24/05/2016,27.44,68.5,0.66,0,1004.03,28.42366666
25/05/2016,27.42,68.25,1.16,0,1002.75,21.36454166
26/05/2016,27.48,73.5,1,0,1001.84,13.66979166
27/05/2016,27.74,72.75,0.5,0,1002.18,16.13508333
28/05/2016,27.58,67.75,0.9,0,1003.03,25.74675
29/05/2016,27.64,70,0.83,0,1002.24,29.44825
30/05/2016,26.82,84.75,0.83,0,1001,16.51829166
31/05/2016,26.1,88,0.3,0,1000.4,4.31420833
01/06/2016,27.72,72.25,0.66,0,1000.09,22.332375
02/06/2016,28.06,70.25,0.43,0,1000.37,24.95241666
03/06/2016,27.48,77.75,0.83,0,1000.87,26.91658333
04/06/2016,27.78,70.25,0.83,1.8,1000.65,29.23229166
05/06/2016,26.16,79,1,0,1001.4,38.191
06/06/2016,26.1,82.75,0.23,0.8,1002.08,19.77591666
07/06/2016,27,73.75,0.66,1.6,1002.65,14.97175
08/06/2016,27.22,69.5,0.43,0,1002.75,29.445125
09/06/2016,27.42,76.75,1.33,0,1003.95,13.84975
10/06/2016,27.14,72.25,0.7,7,1004,16.379625
11/06/2016,27.04,78.75,0.76,0,1005.08,5.295
12/06/2016,27.78,73.5,0.83,2.2,1005.32,10.41933333
13/06/2016,27.64,66,0.83,0,1005.68,21.089625
14/06/2016,26.26,66.5,0.66,0,1005.81,27.586
15/06/2016,27.3,64.75,0.73,0,1005.39,15.76820833
16/06/2016,27.44,64.75,0.76,0,1004.1,9.48804166
17/06/2016,26.9,64.75,0.83,0,1003.04,13.92704166
18/06/2016,26.68,63.5,0.5,0,1003.24,28.73970833
19/06/2016,27.3,62,1.16,0,1003.5,31.39183333
20/06/2016,27.22,65.5,0.93,0,1002.51,32.24875
21/06/2016,27.82,57.75,0.66,0,1002.6,21.164375
22/06/2016,27.72,64.75,1,0,1002.69,19.353875
23/06/2016,28.3,58.5,0.833,0,1003.11,17.989
24/06/2016,27.98,65.5,0.3,0,1002.82,21.72808333
25/06/2016,27.56,61.75,0.73,0,1002.48,31.024875
26/06/2016,27.78,55.25,1,0,1002.78,22.71695833
27/06/2016,27.76,56,0.83,0,1003.98,17.87629166
28/06/2016,27.44,60.75,0.9,0,1003.68,23.51608333
29/06/2016,27.72,57.75,0.66,0,1003.35,22.08766666
30/06/2016,27.08,55,0.83,0,1002.54,18.73183333
01/07/2016,27.66,62,0.65,0,1003.1,26.68691666
02/07/2016,28.28,59,1.25,0,1002.91,26.44933333
03/07/2016,28.88,63,1,0,1003.42,19.3865
04/07/2016,28.24,56,1.5,0,1003.8,35.40554166
05/07/2016,27.58,67,0.65,0,1003.38,33.45283333
06/07/2016,26.32,78,0.75,0,1003.83,17.824125
07/07/2016,28.14,65,0.5,0,1003.48,22.31420833
08/07/2016,27.48,71,1.25,0,1004.49,25.28304166
09/07/2016,26.98,78,0.6,0,1004.48,32.19716666
10/07/2016,27.22,72,1.5,0.2,1003.23,27.46479166
11/07/2016,27.1,76,1.35,0,1002.1,25.96429166
12/07/2016,27.28,70.87581010732539,0.7,0,1002.08,26.019875
13/07/2016,27.38,69,0.65,0,1002.45,28.59975
14/07/2016,27.28,66,1,0,1001.39,35.48779166
15/07/2016,27.74,66,0.55,0,1000.15,29.498125
16/07/2016,27.66,61,1,0,1000.74,24.83808333
17/07/2016,27.6,74,1.1,0,1002.28,33.48970833
18/07/2016,27.44,75,1.1,0,1002.76,26.75358333
19/07/2016,27.7,73,0.9,0,1003.26,27.4395
20/07/2016,27.42,71,0.7,0,1002.62,34.87483333
21/07/2016,27.4,62,0.85,0,1002.7,20.25033333
22/07/2016,26.98,65,1,0,1002.58,22.08375
23/07/2016,27.02,58,1.25,0,1002.76,27.46008333
24/07/2016,27.9,62,1.5,0,1002.3,17.65816666
25/07/2016,28.64,61,1.4,0,1000.83,19.43945833
26/07/2016,27.36,62,1.25,0,1001.78,24.24425
27/07/2016,27.12,66,1.4,0,1002.5,20.22408333
28/07/2016,27.36,65,2,0,1001.25,25.44479166
29/07/2016,27.22,69,1.2,0,1001.78,34.50308333
30/07/2016,28.06,58,1.5,0,1001.76,23.82758333
31/07/2016,28.42,56,0.666667,0,1001.58,28.17916666
01/08/2016,27.64,51.75,0.933333,0,1001.85,31.25929166
02/08/2016,28.12,51.5,1.83,0,1002.86,43.64366666
03/08/2016,28.62,50.5,0.53,0,1002.38,29.93045833
04/08/2016,28.22,54.25,1.33,0,1002.45,35.26529166
05/08/2016,27.86,51.25,0.96,0,1002.98,32.35520833
06/08/2016,27.42,57,1.23,0,1003.38,46.52529166
07/08/2016,27.7,53.75,0.5,0,1003.58,38.29954166
08/08/2016,27.14,62,1.16,0,1003.38,43.70854166
09/08/2016,27.2,61,1,0,1003.41,42.1585
10/08/2016,27.48,61,0.83,0,1002.64,31.762125
11/08/2016,27.8,60.75,0.86,0,1001.66,38.10541666
12/08/2016,27.68,60,1.33,0,1002.23,42.69433333
13/08/2016,27.32,56.75,0.83,0,1002.38,41.40616666
14/08/2016,27.18,54.25,1.83,0,1002.22,54.351
15/08/2016,27.08,60.25,1,0,1001.97,48.77725
16/08/2016,28.14,57.75,1.33,0,1001.94,49.4905
17/08/2016,28,57.5,1.33,0,1001.98,48.60929166
18/08/2016,27.78,56,1.83,0,1002.15,53.697875
19/08/2016,27.8,52,1.5,0,1001.95,46.3575
20/08/2016,27.78,57,0.9,0,1001.99,44.77175
21/08/2016,27.26,65.5,0.93,0,1002.33,50.43441666
22/08/2016,27.98,62.75,1.33,0,1002.56,35.02641666
23/08/2016,28.54,61.25,1.5,0,1002.58,39.96816666
24/08/2016,28.88,52,1.5,0,1002.65,44.46895833
25/08/2016,28.22,52.75,1.66,0,1002.4,44.83608333
26/08/2016,28.1,51.75,1.16,0,1001.22,31.82795833
27/08/2016,27.82,55.75,1.16,0,1001.13,36.78333333
28/08/2016,27.86,58.25,1.33,0,1001.46,45.126
29/08/2016,27.98,52.5,1.5,0,1002.13,50.04983333
30/08/2016,28.36,54.25,1.33,0,1002.3,47.02379166
31/08/2016,29.28,52.25,1.16,0,1001.92,34.79845833
01/09/2016,29.12,59,0.75,0,1001.95,45.22079166
02/09/2016,28.98,53,2,0,1002.2,56.13770833
03/09/2016,28.4,57,1,0,1001.9,50.39208333
04/09/2016,28.44,63,1.25,0,1001.93,47.926625
05/09/2016,28.5,66,1.5,0,1002.48,46.08754166
06/09/2016,28.22,69,1.25,0,1002.44,35.42679166
07/09/2016,28.12,70,1.25,0,1002.2,36.39729166
08/09/2016,28.38,66,1,0,1001.7,37.18108333
09/09/2016,28.12,66,2,0,1002.4,33.23333333
10/09/2016,28.24,64,2.25,0,1003.51,53.34333333
11/09/2016,27.52,76,1.5,0,1003.35,63.48054166
12/09/2016,28.36,64,1.5,0.2,1001.3,50.07158333
13/09/2016,28.52,68,1.25,0,1000.87,42.958625
14/09/2016,28.78,66,1.25,0,1001.71,46.606125
15/09/2016,28.18,63,1.75,0,1002.15,58.03329166
16/09/2016,28.9,64,1.75,0,1002.04,48.89358333
17/09/2016,28.42,65,2.5,0,1002.27,39.59708333
18/09/2016,27.58,65,1.75,0,1002.14,54.18816666
19/09/2016,27.5,66,2,0,1001.41,47.36741666
20/09/2016,27.86,66,1.5,0,1001.03,47.097875
21/09/2016,28,69,1.5,0,1001.31,42.40820833
22/09/2016,28.64,67,2.25,0,1001.72,61.09154166
23/09/2016,28.16,57,2.75,0,1003.46,46.813375
24/09/2016,27.72,59,2.5,0,1002.99,54.25329166
25/09/2016,27.82,64,2.75,0,1000.93,43.61754166
26/09/2016,27.38,72,2.25,0,1000.88,35.93695833
27/09/2016,27.96,73,2.75,0,1001.22,34.57516666
28/09/2016,28.48,71,2.25,0,1001.57,34.055125
29/09/2016,28.12,62,2.25,0,1000.2,41.89579166
30/09/2016,28.6,67,1.5,0,1000.22,48.86520833
01/10/2016,28.58,55.25,1.33,0,1001.13,46.15191666
02/10/2016,28.88,56,2.16,0,999.81,53.240125
03/10/2016,29.34,44.75,1.9,0,1000.11,45.88004166
04/10/2016,29.44,47.75,2,0,999.29,37.318125
05/10/2016,29.42,52.25,1.33,0,998.41,35.30833333
06/10/2016,28.94,59.75,1.33,0,998.36,13.79220833
07/10/2016,28.3,61.5,0.96,0,998.46,30.76629166
08/10/2016,28.38,55,1.56,0,999.78,50.17966666
09/10/2016,28.34,49.5,1.33,0,1000.47,51.31633333
10/10/2016,28.92,54.25,1.33,0,1000.37,47.04020833
11/10/2016,29.12,47.75,1.9,0,999.4,37.96504166
12/10/2016,29.16,48.75,1,0,1000.13,44.4715
13/10/2016,28.7,57.5,2,0,1001.65,51.01783333
14/10/2016,28.96,53,2.66,0,1002.05,43.61775
15/10/2016,29.2,53.5,1.5,0,1000.86,46.355875
16/10/2016,29.36,53,1.83,0,999.55,47.26795652
17/10/2016,29.04,51,1.4,0,1000.31,51.444
18/10/2016,28.46,61.5,0.83,0,1001.13,42.52333333
19/10/2016,29.16,61.5,1.33,0,999.4,42.12679166
20/10/2016,29.3,57.25,1.16,0,999.02,42.064375
21/10/2016,28.72,61.75,1.16,0,999.11,41.53870833
22/10/2016,28.88,57.5,2.1,0.2,999.38,48.25266666
23/10/2016,29.44,50.75,1.16,0,1000.33,51.73154166
24/10/2016,29.18,50.5,1.66,0,1000.2,60.6715
25/10/2016,28.3,59.75,1.3,0,999.01,43.19166666
26/10/2016,29,57,1,0,997.85,49.83695833
27/10/2016,28.48,57.5,1.5,0,998.02,54.33529166
28/10/2016,29.12,50.75,1.33,0,999.14,56.765625
29/10/2016,28.84,57.75,1.66,0,1000.95,60.59
30/10/2016,28.86,58.25,1.83,0,1000.66,42.86433333
31/10/2016,28.62,52.25,1.16,0,999.7,45.65770833
01/11/2016,28.92,55.5,2,2.3580661075481006,1003.205704386091,54.78208333
02/11/2016,29.32,51.5,2.16,2.3580661075481006,999.55,55.649375
03/11/2016,29.82,51.75,2.33,0,1000.44,45.004625
04/11/2016,30.16,50.75,2.66,2.3580661075481006,1000.61,54.3805
05/11/2016,29.66,55.75,1.4,2.3580661075481006,1000.55,55.807
06/11/2016,29.38,56.75,1.4,2.3580661075481006,999.48,58.299125
07/11/2016,29.26,61,1.33,2.3580661075481006,998.86,56.300625
08/11/2016,29.68,56.5,1.4,0,999.5,59.305375
09/11/2016,29.38,60.75,2,2.3580661075481006,1003.205704386091,55.21466666
10/11/2016,28.7,55.25,2,0.2,1000.64,57.81104166
11/11/2016,28.94,52,1.5,2.3580661075481006,998.55,60.46520833
12/11/2016,28.96,55.5,1.66,0,998.04,52.54570833
13/11/2016,28.82,55.5,1.5,2.3580661075481006,996.98,3.58879166
14/11/2016,28.5,61.75,1.33,2.3580661075481006,996.37,0.2245
15/11/2016,28.94,61.5,1.33,0,997.28,37.66983333
16/11/2016,28.5,63.75,2.5,2.3580661075481006,1003.205704386091,41.57041666
17/11/2016,28.96,60,0.83,2.3580661075481006,997.83,49.054
18/11/2016,28.72,58.5,1.5,2.3580661075481006,996.46,51.07895833
19/11/2016,28.3,62,1.06,0,998.06,43.65979166
20/11/2016,28.32,63,0.9,2.3580661075481006,998.18,51.34720833
21/11/2016,29.08,55.75,2,2.3580661075481006,998.76,50.72645833
22/11/2016,28.88,55.75,1.33,2.3580661075481006,998.06,56.16020833
23/11/2016,28.72,56,1.66,2.3580661075481006,998.4,49.15416666
24/11/2016,29.1,52.75,2.83,2.3580661075481006,999.51,57.3785
25/11/2016,29.6,50.25,1.16,2.3580661075481006,999.27,54.1105
26/11/2016,28.88,52.5,1.83,2.3580661075481006,999.01,68.981
27/11/2016,29.28,49,2.16,2.3580661075481006,999.35,47.90895833
28/11/2016,29.36,53.75,1.33,2.3580661075481006,999.07,46.99941666
29/11/2016,29.02,60.25,1.33,2.3580661075481006,998.53,58.80704166
30/11/2016,28.96,55.75,1.03,2.3580661075481006,999.02,51.92558333
01/12/2016,28.86,65,2,2.3580661075481006,999.79,49.65020833
02/12/2016,28.98,70,2.25,2.3580661075481006,1000.16,44.49516666
03/12/2016,28.96,60,2,2.3580661075481006,999.47,55.29570833
04/12/2016,29,65,1.25,2.3580661075481006,998.98,52.22566666
05/12/2016,28.94,66,2,2.3580661075481006,999.6,50.20033333
06/12/2016,29.44,64,1.25,2.3580661075481006,1000.04,56.300875
07/12/2016,29.02,71,1.5,2.3580661075481006,999.21,41.43504166
08/12/2016,28.86,72,1.75,2.3580661075481006,999.18,31.49283333
09/12/2016,29.14,67,1.75,2.3580661075481006,999,35.861
10/12/2016,29.16,66,1,2.3580661075481006,999.09,43.80041666
11/12/2016,29.22,64,1.5,2.3580661075481006,1003.205704386091,47.801375
12/12/2016,28.88,71,2,2.3580661075481006,1003.205704386091,48.50329166
13/12/2016,28.68,69,1,0,999.02,45.16008333
14/12/2016,28.58,63,1.75,2.3580661075481006,1003.205704386091,41.26208333
15/12/2016,28.36,65,0.75,2.3580661075481006,1000.24,46.07858333
16/12/2016,28.82,73,0.75,0,1000.94,37.51716666
17/12/2016,28.92,73,1.25,2.3580661075481006,1003.205704386091,44.96858333
18/12/2016,26,83,1.5,2.3580661075481006,1003.205704386091,11.79725
19/12/2016,28.08,66,0.75,2.3580661075481006,1003.205704386091,9.47525
20/12/2016,29.44,65,1,0,998.39,35.58683333
21/12/2016,28.8,68,1.75,2.3580661075481006,1003.205704386091,38.442125
22/12/2016,27.92,83,0.75,0.2,997.96,32.44933333
23/12/2016,29.44,64,1,2.3580661075481006,997.53,38.119375
24/12/2016,28.78,66,1.5,2.3580661075481006,997.74,41.19145833
25/12/2016,28.92,69,1.25,0,997.91,46.496125
26/12/2016,29.14,66,0.75,2.3580661075481006,998.17,46.52920833
27/12/2016,29.64,64,1.75,2.3580661075481006,998.82,50.932875
28/12/2016,29.8,61,1.5,0,999.45,52.36283333
29/12/2016,27.58,87,1.25,2.3580661075481006,1003.205704386091,25.267
30/12/2016,28.88,68,1,2.3580661075481006,1003.205704386091,33.84395833
31/12/2016,29.48,57.75,1.9,0,999.32,33.68729166
01/01/2017,29.92,58.25,1.83,2.3580661075481006,999.04,36.89391666
02/01/2017,29.16,65.75,1,2.3580661075481006,1003.205704386091,26.33066666
03/01/2017,26.18,89.5,0.66,2.3580661075481006,999.66,14.55166666
04/01/2017,27.76,70.87581010732539,0.6,2.3580661075481006,1003.205704386091,34.05504166
05/01/2017,28.06,68,1.5,2.3580661075481006,999.75,28.9275
06/01/2017,28.2,66.75,1.16,2.3580661075481006,998.99,28.33729166
07/01/2017,28.54,60.75,0.9,2.3580661075481006,999.92,25.50633333
08/01/2017,27.78,68.75,1.16,2.3580661075481006,999.41,29.72425
09/01/2017,28.02,67.25,1.16,2.3580661075481006,999.6,23.85079166
10/01/2017,28.6,66.25,1.7,2.3580661075481006,998.93,35.61925
11/01/2017,25.44,90.25,0.5,2.3580661075481006,999.7,9.51341666
12/01/2017,27.72,68.25,0.6,2.3580661075481006,1003.205704386091,24.91420833
13/01/2017,28.4,56.5,1.16,2.3580661075481006,997.99,37.53529166
14/01/2017,28.24,59,1.83,2.3580661075481006,998.26,25.63045833
15/01/2017,28.66,64.75,1.5,2.3580661075481006,998.78,28.2385
16/01/2017,27.86,72.25,0.73,2.3580661075481006,1003.205704386091,30.88483333
17/01/2017,28.4,63.75,1.5,2.3580661075481006,998.44,40.77654166
18/01/2017,27.92,81.5,0.4,2.3580661075481006,998.72,7.632375
19/01/2017,26.04,83,0.83,2.3580661075481006,999.74,1.08979166
20/01/2017,26.66,80.5,0.33,2.3580661075481006,1003.205704386091,8.513625
21/01/2017,28.18,65.5,0.83,2.3580661075481006,1000.07,34.067875
22/01/2017,26.9,89.25,0.53,2.3580661075481006,999.89,25.20504166
23/01/2017,27.2,78.75,1.33,2.3580661075481006,999.93,39.47566666
24/01/2017,28.72,68,0.93,2.3580661075481006,1000.27,24.30841666
25/01/2017,27.42,71.25,0.83,2.3580661075481006,1001.06,20.96104166
26/01/2017,27.36,87.25,1.26,2.3580661075481006,1001.75,21.41170833
27/01/2017,26.96,78,0.83,2.3580661075481006,1001.79,28.58141666
28/01/2017,26.62,78,1,2.3580661075481006,1001.6,30.23520833
29/01/2017,27.68,77.75,0.66,2.3580661075481006,1000.86,36.76229166
30/01/2017,27.94,63.25,0.8,2.3580661075481006,1000.18,25.2505
31/01/2017,25.96,81.5,0.66,2.3580661075481006,1000.69,20.32570833
01/02/2017,26.7,85.25,0.63,2.3580661075481006,1000.12,21.73366666
02/02/2017,28.14,72,0.83,2.3580661075481006,999.22,28.8345
03/02/2017,28.36,67.75,1.4,2.3580661075481006,999.71,38.06216666
04/02/2017,28.2,62.25,0.9,2.3580661075481006,999.55,36.83025
05/02/2017,28.68,66,0.6,2.3580661075481006,998.98,22.996875
06/02/2017,28.08,78.5,1,2.3580661075481006,998.88,28.10341666
07/02/2017,28.38,71.5,0.73,2.3580661075481006,998.29,25.596875
08/02/2017,27.38,82,1.16,2.3580661075481006,999.18,14.52920833
09/02/2017,26.78,92.75,0.33,2.3580661075481006,999.13,15.93841666
10/02/2017,26.46,91,0.83,2.3580661075481006,999.1,12.21975
11/02/2017,23.8,97,0.5,2.3580661075481006,1003.205704386091,2.94270833
12/02/2017,25.7,83.5,0.83,2.3580661075481006,1003.205704386091,1.46154166
13/02/2017,26.1,84.5,0.76,2.3580661075481006,998.54,18.1085
14/02/2017,25.44,90,0.66,2.3580661075481006,1000.5,5.36083333
15/02/2017,26.64,84.5,0.53,2.3580661075481006,1001.03,18.541875
16/02/2017,26.96,76.75,0.5,2.3580661075481006,1001.18,13.90916666
17/02/2017,26.34,93.25,1.13,2.3580661075481006,1000.84,2.237125
18/02/2017,25.46,92.5,0.4,2.3580661075481006,1001.88,0.76916666
19/02/2017,24.44,95.75,1.6,2.3580661075481006,1001.93,4.12454166
20/02/2017,24.88,92.75,0.66,2.3580661075481006,1003.205704386091,20.41866666
21/02/2017,25.5,94,0.33,2.3580661075481006,1000.64,18.53695833
22/02/2017,27.18,77,1.33,2.3580661075481006,999.81,30.75004166
23/02/2017,27.16,77,0.733333,2.3580661075481006,1000.06,16.90629166
24/02/2017,26.34,91.25,0.66,2.3580661075481006,1000.09,20.81708333
25/02/2017,27.26,82.5,0.66,2.3580661075481006,999.3,23.90033333
26/02/2017,25.18,92.5,0.53,2.3580661075481006,999.77,2.924375
27/02/2017,24.92,96.75,0.4,2.3580661075481006,1000.23,3.51154166
28/02/2017,25.58,93.75,1,2.3580661075481006,999.58,30.42329166
01/03/2017,25.52,92.5,0.43,2.3580661075481006,999.01,4.354375
02/03/2017,25.76,93.25,0.33,0,1000.81,1.10379166
03/03/2017,25.12,91.5,0.16,2.3580661075481006,1001.85,9.81583333
04/03/2017,25.78,95.25,0.5,0,999.51,8.20016666
05/03/2017,26.18,88.75,1.76,0,998.49,7.99775
06/03/2017,26.42,88.5,0.83,0,998.97,20.77204166
07/03/2017,26.92,86.75,0.63,3.2,999.37,20.373375
08/03/2017,25.72,90.25,0.66,1.2,999.83,7.058625
09/03/2017,25.36,86,0.83,0,999.35,6.68116666
10/03/2017,26.04,92.75,1,0,999.27,15.41491666
11/03/2017,25.32,94.25,0.3,36.8,1000.18,0.286125
12/03/2017,25.5,94,0.73,3,999.97,1.63883333
13/03/2017,25.4,95.75,0.83,12.4,999.79,6.00920833
14/03/2017,25.3,95.5,0.66,9.6,999.92,3.52858333
15/03/2017,26.22,88.5,0.56,20.8,999.37,5.49554166
16/03/2017,25.62,97,0.5,4.2,1000.14,3.86408333
17/03/2017,25.64,94.5,0.43,25,1000.77,7.20508333
18/03/2017,25.82,86.5,0.1,15,1001.21,9.02370833
19/03/2017,26.38,84,0.56,0,1001.05,12.516
20/03/2017,26.64,96,0.5,0,1001.09,12.75879166
21/03/2017,26,94.5,0.23,11.2,1002.03,2.130375
22/03/2017,24.36,97.75,0.5,3.2,1002.28,1.32616666
23/03/2017,25.32,96,0.16,32.6,1001.57,1.387875
24/03/2017,25.52,88.75,0.81,33,1000.58,4.6655
25/03/2017,26.22,87.5,0.66,6.4,999.98,11.33541666
26/03/2017,26.02,89,0.83,5.4,1000.43,8.3205
27/03/2017,25.68,93.25,0,4,1001.18,4.90975
28/03/2017,26.48,87.5,0.66,17.8,1001.05,1.84516666
29/03/2017,26.12,91.75,0.5,0.8,999.9,11.07775
30/03/2017,25.5,93.25,0.66,8.8,999.85,0.29091666
31/03/2017,25.82,92.25,0.66,16.2,1001,0.773125
01/04/2017,24.7,96,1.6,41,1001.95,4.4375
02/04/2017,25.48,87.25,1.6,15.6,1000.51,6.20908333
03/04/2017,26.7,87,0.5,16.8,999.7,8.77504166
04/04/2017,26.3,83.5,1.71,0,1000.14,6.42025
05/04/2017,25.72,90.75,0.5,0.2,1001.42,13.63183333
06/04/2017,26.4,79.75,0.5,13.2,1001.02,12.321
07/04/2017,26.54,81,0.66,0,999.87,14.449
08/04/2017,27.26,80.5,0.83,0,999.07,19.22920833
09/04/2017,27.24,80,0.83,0,998.69,10.74808333
10/04/2017,26.2,93,1.6,0,999.52,8.14791666
11/04/2017,24.72,89.75,0.66,13.8,1000.73,4.171125
12/04/2017,26.3,84.25,0.66,0.4,1000.25,3.97775
13/04/2017,26.32,87.75,0.5,0,1000.41,5.93333333
14/04/2017,25.58,91.5,0.16,2.6,1000.3,9.1695
15/04/2017,26.56,81.5,0.46,15.8,1000.22,17.191625
16/04/2017,26.92,77.5,0.73,0,999.69,11.50208333
17/04/2017,26.96,81.5,0.83,0,999.65,13.13945833
18/04/2017,27.14,77.5,0.16,0,999.78,7.97475
19/04/2017,26.94,87.25,0.66,0,1000.21,2.00804166
20/04/2017,26.78,83.75,0.33,4.8,999.64,8.6175
21/04/2017,26.58,86,0.66,21.2,1000.34,8.68404166
22/04/2017,26.12,90,0.5,0.2,1001.48,4.11370833
23/04/2017,25.32,95.5,0.66,20.8,1001.71,4.07125
24/04/2017,25.66,89.5,0.33,29,1001.15,8.383
25/04/2017,26.82,80.75,1,0.4,1000.02,20.224
26/04/2017,26.46,83.25,0.4,0.2,999.89,17.08966666
27/04/2017,26.26,84.75,0.66,0,1000.7,13.60358333
28/04/2017,26.4,89.25,0.43,0,1000.68,12.973
29/04/2017,27.16,80.5,0.66,1,1000.75,2.89395833
30/04/2017,26.06,89,0.36,0,1001.55,0.45316666
01/05/2017,26.36,82,0.66,0.4,1001.48,5.71979166
02/05/2017,25.62,92.5,0.43,0.4,1000.9,6.102
03/05/2017,26.88,80.25,0.66,0,1000.31,7.66766666
04/05/2017,26.4,81.25,0.63,0.8,1000.2,14.483
05/05/2017,26.32,78,0.83,0,1000.31,8.41629166
06/05/2017,26.06,84,0.36,0,1000.03,10.455
07/05/2017,26.78,87.75,0.43,0,999.56,6.700875
08/05/2017,26,95.5,0.26,8.2,999.3,7.72258333
09/05/2017,26.12,90.5,0.44,20.4,1000.22,11.21729166
10/05/2017,26.84,82,0.5,0.2,1000.03,15.69566666
11/05/2017,27.24,83.5,0.66,0,999.95,15.95675
12/05/2017,27,80,0.7,0,1001.15,13.50433333
13/05/2017,25.64,86,0.26,0,1002.01,7.496375
14/05/2017,27.24,80,0.56,0.2,1001.97,17.1675
15/05/2017,26.68,81,0.56,0,1001.8,25.02508333
16/05/2017,26.2,83.75,1.6,0,1001.3,26.03229166
17/05/2017,26.64,85.25,0.5,0.2,1001.08,24.53095833
18/05/2017,26.3,87.5,0.53,12,1000.51,17.913875
19/05/2017,26.42,83.75,0.66,10,999.26,28.97725
20/05/2017,27.26,79.5,0.83,0,999.97,25.18304166
21/05/2017,26.44,74.25,1,0,1000.33,31.08554166
22/05/2017,25.96,73,0.66,0,1000.59,28.77529166
23/05/2017,26.04,71.5,0.56,0,1001.67,9.77870833
24/05/2017,26.24,77.75,0.4,0.2,1002.44,9.334875
25/05/2017,26.6,80.75,0.66,0,1002.66,5.05775
26/05/2017,26.22,85,0.5,0,1002.51,12.87491666
27/05/2017,26.44,78.25,0.56,3,1002.43,2.52258333
28/05/2017,26.08,93,0.5,1.2,1002.74,0.267125
29/05/2017,23.76,93.75,0.5,35.2,1004.03,3.57925
30/05/2017,26.48,84.5,0.16,0.2,1002.48,9.52454166
31/05/2017,26.16,86.5,0.66,0,1002.45,13.923625
01/06/2017,25.9,85.5,0.33,0.2,1003.2,22.901
02/06/2017,26.1,80,0.83,0.2,1003.17,36.319125
03/06/2017,26.38,79.25,0.66,2.6,1002.73,21.19179166
04/06/2017,26.9,75.5,1,0,1002.16,17.53225
05/06/2017,25.66,76.25,0.4,0,1001.6,15.0885
06/06/2017,25.58,71.75,0.66,0.2,1000.83,21.38591666
07/06/2017,25.2,74.75,0.43,0,999.92,15.34358333
08/06/2017,25.44,72.75,0.83,0,1000.28,12.0045
09/06/2017,26.02,73.75,0.46,0,1001.07,6.072375
10/06/2017,26.8,73.5,0.6,0,1002.14,24.36933333
11/06/2017,25.58,91.25,0.4,0.2,1002.72,16.17683333
12/06/2017,26.36,78,1,9.2,1002.92,18.62620833
13/06/2017,26.06,71,0.66,2,1001.86,20.41970833
14/06/2017,25.76,78.5,0.66,0,1002.41,9.24695833
15/06/2017,26.44,69.5,0.66,0,1002.58,22.54575
16/06/2017,25.22,81.5,0.5,0,1003.01,6.99170833
17/06/2017,25.44,76,0.53,0.2,1001.09,11.54470833
18/06/2017,26.7,71.25,0.66,0,1000.38,11.70070833
19/06/2017,27.24,70.5,0.46,0,1001.48,11.10004166
20/06/2017,26.68,71,0.66,0,1001.77,12.63108333
21/06/2017,27,70.75,0.66,0,1001.22,14.86225
22/06/2017,26.98,61,0.83,0,1000.66,14.28570833
23/06/2017,26.28,64,1.33,0.2,1000.88,4.07395833
24/06/2017,26.78,78,0.56,0,1002.13,8.056
25/06/2017,28.14,65,0.2,0,1001.33,1.03004166
26/06/2017,27.88,56.5,1.16,0,1001.07,22.54183333
27/06/2017,27.1,61.5,0.7,0,1001.48,14.26716666
28/06/2017,26.8,62.75,1.16,0,1002.24,11.20075
29/06/2017,26.7,68,1.26,0,1002.74,17.27995833
30/06/2017,26.34,75,0.66,0,1003.51,22.73791666
01/07/2017,25.48,90,0.15,0.2,1004.23,10.14025
02/07/2017,27.16,77,0.35,0.8,1004.1,10.10870833
03/07/2017,26.68,73,0.15,0.2,1004,10.73083333
04/07/2017,26.7,60,0.6,0,1004.33,14.647625
05/07/2017,27.12,64,0.4,0,1004.46,17.77645833
06/07/2017,26.3,76,0.5,0,1004.18,3.80220833
07/07/2017,26.72,70,1,0,1003.94,7.425
08/07/2017,28.4,59,1,0,1003.35,2.70304166
09/07/2017,28.56,59,0.75,0,1003.34,8.45541666
10/07/2017,27.92,25,0.85,0,1003.26,6.68195833
11/07/2017,27.28,68,0.15,0,1003.16,5.1865
12/07/2017,27.22,59,0.35,0,1003.34,6.100375
13/07/2017,27.58,44,0.6,0,1003.3,15.39820833
14/07/2017,27.58,60,0.8,0,1003.05,8.66608333
15/07/2017,27.7,51,0.9,0,1002.93,4.932625
16/07/2017,28.22,61,1,0,1002.32,2.98254166
17/07/2017,26.96,63,0.55,0,1002.76,3.173375
18/07/2017,26.82,59,1.25,0,1003.88,9.688625
19/07/2017,27.28,68,0.85,0,1003.63,17.20466666
20/07/2017,26.94,74,0.5,0,1003.97,26.08604166
21/07/2017,25.14,94,0,0,1004.5,11.36683333
22/07/2017,26.98,70,0.8,6.2,1004.52,24.91704166
23/07/2017,26.94,73,0.75,0.2,1004.43,29.01945833
24/07/2017,27.48,60,0.6,0,1005.28,25.89108333
25/07/2017,27.56,57,0.6,0,1004.23,11.31770833
26/07/2017,28,61,1.1,0,1002.69,8.64866666
27/07/2017,27.22,61,0.55,0,1002.14,7.40325
28/07/2017,28.16,53,0.75,0,1002.76,17.18670833
29/07/2017,28.68,64,1.5,0,1003.84,29.46404166
30/07/2017,27.48,57,0.65,0,1003.98,19.46416666
31/07/2017,27.04,58,1.33,0,1003.41,23.45995833
01/08/2017,28.04,56.75,0.9,0,1002.67,33.989625
02/08/2017,28.7,56.75,1.66,0,1003.76,34.51845833
03/08/2017,27.92,55.5,0.83,0,1004.1,25.544875
04/08/2017,27.4,59.75,1,0,1003.1,33.63695833
05/08/2017,27.76,61.75,1.16,0,1002.75,32.06429166
06/08/2017,27.86,60.25,1.33,0,1002.68,34.51775
07/08/2017,27.56,58,1.33,0,1003.2,43.976125
08/08/2017,27.86,51.25,1.33,0,1002.92,39.67795833
09/08/2017,27.9,53.5,0.86,0,1002.77,24.45370833
10/08/2017,27.88,56,1.16,0,1001.97,34.01370833
11/08/2017,27.86,54.25,1.9,0,1001.81,30.75725
12/08/2017,27.52,50.75,1.56,0,1002.38,36.49291666
13/08/2017,28.32,49.75,0.66,0,1002.15,29.458625
14/08/2017,28.2,60,1,0,1001.24,28.429
15/08/2017,27.7,60.25,0.83,0.2,1000.87,37.92470833
16/08/2017,27.2,56.5,1.16,0,1001.76,29.71695833
17/08/2017,27.66,52.5,1.06,0,1000.92,35.56745833
18/08/2017,27.8,60.5,1,0,1000.51,32.308625
19/08/2017,27.92,63,1.33,0,1000.55,40.87554166
20/08/2017,28.28,58.5,1.5,0,1001.67,43.916625
21/08/2017,28.04,56,0.8,0,1002.63,30.000875
22/08/2017,28.72,57.75,1.5,0,1001.42,22.42925
23/08/2017,28.34,55,0.9,0,1000.9,16.1575
24/08/2017,28.52,53,1,0,1001.38,36.116375
25/08/2017,28.96,51,0.6,0,1001.51,38.09241666
26/08/2017,27.2,65.5,1.06,1.4,1002.15,29.02316666
27/08/2017,28.74,47.75,1.63,0.4,1001.5,37.8845
28/08/2017,28.3,52.75,1.33,0,1001.28,42.01983333
29/08/2017,28.4,48.75,2,0,1001.65,37.74866666
30/08/2017,27.88,54.25,1.66,0,1002.22,39.22216666
31/08/2017,28.1,55,1.06,0,1002.38,43.806375
01/09/2017,28.52,49.75,1.16,0,1003.44,43.052
02/09/2017,28.42,50.5,1.33,0,1004.2,37.09720833
03/09/2017,27.92,53.5,1.16,0,1002.71,22.67904166
04/09/2017,27.68,50.5,1.56,0,1002.42,29.76875
05/09/2017,27.72,52.5,1.33,0,1002.56,42.09958333
06/09/2017,27.74,58.75,2.83,0,1003.15,46.570875
07/09/2017,27.8,56.75,1.33,0,1001.94,25.43041666
08/09/2017,28.48,56,1.9,0,1000.36,33.60245833
09/09/2017,29.44,44.75,2.5,0,1000.68,47.82783333
10/09/2017,29.22,52.25,3.33,0,1000.65,34.35591666
11/09/2017,29.44,41,2.16,0,1001.52,37.12154166
12/09/2017,28.5,51,2,0,1002.08,34.03466666
13/09/2017,28.26,55.5,1,0,1002.34,28.36654166
14/09/2017,28.6,54.25,1.16,0,1001.81,28.90304166
15/09/2017,28.88,48.5,1.5,0,1002.18,29.87225
16/09/2017,28.64,47.5,1.16,0,1002.08,33.51520833
17/09/2017,28.72,49.5,1.16,0,1001.97,43.89770833
18/09/2017,28.52,55,1.13,0,1001.75,41.91258333
19/09/2017,28.52,54.25,1.5,0,1001.59,27.36245833
20/09/2017,28.74,54.5,1.06,0,1002.13,30.42645833
21/09/2017,28.88,50,1.33,0,1002.36,44.36566666
22/09/2017,28.42,52,2.16,0,1002.27,50.91091666
23/09/2017,28.72,56.25,0.9,0,1001.83,31.430375
24/09/2017,28.4,54.75,1.33,0,1000.48,23.977625
25/09/2017,28.22,55.75,1.83,0,1000.95,35.46495833
26/09/2017,28.82,49.5,1.66,0,1000.33,38.59195833
27/09/2017,28.98,54.25,1.5,0,1000.6,33.51729166
28/09/2017,29,54.25,2.16,0,1001.67,40.829875
29/09/2017,28.54,53.5,1.83,0,1000.91,38.91804166
30/09/2017,28.08,48,1.33,0,999.76,38.11120833
01/10/2017,27.8,52.25,2,0,998.44,45.076875
02/10/2017,28.08,53,3.33,0,998.56,48.409375
03/10/2017,29.46,52,1.33,0,999.71,44.1675
04/10/2017,28.9,53.75,3.33,0,999.97,44.88520833
05/10/2017,29.08,51.25,2.16,0,1000.85,45.75345833
06/10/2017,29.32,47.25,3.16,0,1001.63,42.48608333
07/10/2017,29.18,50.25,0.73,0,1001.1,44.89325
08/10/2017,28.48,57.25,0.93,0,1000.09,34.459125
09/10/2017,28.58,57.25,1.33,0,1000.16,28.33275
10/10/2017,28.82,56,1.4,0,1000.27,35.75283333
11/10/2017,27.98,62.75,2.33,0,999.92,48.18779166
12/10/2017,28.7,57.25,1.33,0,999.67,43.97191666
13/10/2017,28.38,56.75,1.33,0,999.24,47.33733333
14/10/2017,28.62,58.5,1.33,0,999.77,48.15075
15/10/2017,28.06,68.5,2.33,0,1000.84,48.8013913
16/10/2017,28.4,63.75,1,0,1001.75,46.66945833
17/10/2017,28.38,62.25,1.16,0,1002.23,45.07891666
18/10/2017,28.38,58.25,2.66,0,1001.89,44.82375
19/10/2017,28.84,52,2.16,0,1001.26,41.68883333
20/10/2017,28.74,51.25,3,0,1001.14,43.97579166
21/10/2017,29.18,54.75,3.33,0,1000.82,44.440875
22/10/2017,29.28,45.75,2.5,0,1000.51,43.36041666
23/10/2017,29.16,47,1.5,0,999.49,37.380875
24/10/2017,29.08,59,1.66,0,998.94,42.51533333
25/10/2017,30,50.75,2.5,0,999.07,38.51575
26/10/2017,29.86,53,3.5,0,999.39,39.28379166
27/10/2017,29.88,54.5,1.5,0,999.33,43.02545833
28/10/2017,29.34,54.25,2,0,999.4,42.371625
29/10/2017,29.26,58.25,1.66,0,998.52,35.23870833
30/10/2017,28.56,62.25,1.66,0,997.88,43.294625
31/10/2017,28.54,59.5,1.33,0,998.54,26.92083333
01/11/2017,28.46,59.25,1,0,1000.05,30.48991666
02/11/2017,28.4,56.25,1.83,0,1000.31,43.81904166
03/11/2017,28.98,54.5,2.16,0,999.88,46.43333333
04/11/2017,28.8,50.5,2.4,0,999.89,48.48333333
05/11/2017,29.1,48.5,1.16,0,999.79,41.08979166
06/11/2017,28.5,54.75,2,0,999.15,41.89491666
07/11/2017,28.06,62,1.1,0,998.05,39.94566666
08/11/2017,27.78,60.5,1,0,998.81,32.01525
09/11/2017,26.94,59.5,1.16,0,999.15,43.27325
10/11/2017,27.28,57.5,0.76,0,998.12,45.450875
11/11/2017,28.04,53,1.5,0,997.58,42.871
12/11/2017,28.2,55,2.16,0,997.93,40.64095833
13/11/2017,28.66,56.75,3.83,0,998.2,43.85925
14/11/2017,28.08,57.25,1.83,0,998.58,44.02183333
15/11/2017,28.06,56.25,2.16,0,998.97,45.201125
16/11/2017,28.24,51,2,0,999.88,46.98391666
17/11/2017,27.98,57.75,1.53,0,999.44,41.47191666
18/11/2017,27.94,56.25,1.66,0,998.11,44.12029166
19/11/2017,28.24,53.25,1.73,0,998.59,39.79558333
20/11/2017,28.12,59.25,1.33,0,998.58,44.91808333
21/11/2017,28.62,58.25,2.13,0,998.45,43.56195833
22/11/2017,27.96,58.5,1.5,0,999.2,35.72879166
23/11/2017,28.48,56.5,1.66,0,999.78,41.139
24/11/2017,28.52,57,2,0,1000.5,34.44454166
25/11/2017,28.48,57.5,2.33,0,1000.25,37.86766666
26/11/2017,28.68,51.5,1.83,0,1000.23,36.2475
27/11/2017,28.64,56.75,2,0,1000.71,40.61020833
28/11/2017,28.52,57.75,2.33,0,1000.33,43.425625
29/11/2017,28.22,62.5,1.06,0,999.37,39.03891666
30/11/2017,27.74,64.5,2.33,0,998.51,40.74470833
01/12/2017,28.44,61,1.75,0,998.7,42.255
02/12/2017,28.42,57,2,0,999.23,45.23529166
03/12/2017,29.04,56,3,0,998.88,40.73404166
04/12/2017,29.24,60,3,0,999.01,38.25995833
05/12/2017,29.44,57,2,0,999.4,41.95166666
06/12/2017,29.1,66,2,0,997.97,40.89375
07/12/2017,29.04,62,1.75,0,998.17,33.677
08/12/2017,28.34,74,2,0,999.16,27.31966666
09/12/2017,28.34,74,2,0,999.15,20.896375
10/12/2017,28.72,69,2.5,0,998.28,18.8055
11/12/2017,28.96,66,1.5,0,998.84,33.12470833
12/12/2017,29.14,61,1.5,0,998.77,37.32120833
13/12/2017,29.18,62,1.25,0,999.58,40.86145833
14/12/2017,28.56,64,2.75,0,1000.4,33.76958333
15/12/2017,28.22,70,2.25,0,1000.45,27.075875
16/12/2017,28.26,66,2.25,0,1000.28,37.79920833
17/12/2017,28.72,63,2,0,1000.02,41.33491666
18/12/2017,29.06,63,2,0,999.95,28.929875
19/12/2017,28.64,67,1,0,1000.58,25.14975
20/12/2017,28.04,67,1.25,0,999.55,30.42129166
21/12/2017,28.4,70,1.75,0,999.88,30.25504166
22/12/2017,26.52,86,0.75,0,1000.38,17.11854166
23/12/2017,26.8,89,0.5,2,999.96,23.89883333
24/12/2017,28.24,71,1,2.4,998.69,28.35629166
25/12/2017,28.56,75,2.5,0,998.29,33.64683333
26/12/2017,29.12,70,2.25,0,998.7,36.9515
27/12/2017,28.34,69,2,0,998.79,36.579
28/12/2017,29.2,69,1.5,0,998.58,28.92875
29/12/2017,29.16,67,1.5,0,999.15,31.37866666
30/12/2017,29.36,70.87581010732539,1.5,0,999.65,44.6555
31/12/2017,29.36,57.5,1.56,0,1000.24,47.52695833
01/01/2018,29.32,55.25,2.83,0,1000.05,37.21320833
02/01/2018,28.66,62.25,2.16,0,999.16,20.748375
03/01/2018,28.84,58.25,2,0,999.43,20.85233333
04/01/2018,28.66,64,2.33,0,1001.03,16.97958333
05/01/2018,28.46,62,1.16,0,1001.93,23.64533333
06/01/2018,29.02,56.75,1.16,0,1000.58,23.19604166
07/01/2018,27.86,61.5,1,0,1000.2,32.03429166
08/01/2018,28.5,59.75,2.5,2.2,1000.26,31.53058333
09/01/2018,28.4,62.5,1.6,1,1000.6,27.63429166
10/01/2018,27.78,61.25,1.6,0,1001.56,19.509375
11/01/2018,28.48,55.25,1.33,0,1001.2,34.045
12/01/2018,27.98,57.5,1.5,0,1000.37,26.44216666
13/01/2018,28.22,65,1.9,0,999.8,30.30504166
14/01/2018,28.46,63.5,1.26,0,1000.28,32.91875
15/01/2018,29.4,50.75,1.66,0,1000.05,38.46870833
16/01/2018,29.86,49.25,1.56,0,1000.13,36.27995833
17/01/2018,29.4,52.25,2.33,0,999.36,38.63354166
18/01/2018,27.76,66.5,3.5,0,1000.15,29.66066666
19/01/2018,28.68,59.75,2.33,1.2,1000.81,17.67741666
20/01/2018,28.54,63.5,0.83,0.8,1000.56,14.29475
21/01/2018,28.48,65,1.5,0,999.57,16.980375
22/01/2018,29.16,59.25,1.1,0,998.15,27.47633333
23/01/2018,29,67.5,1.83,0.2,998.13,30.37508333
24/01/2018,27.38,84.25,0.83,0,998.79,25.91170833
25/01/2018,26.36,82,0.83,34.4,999.18,3.74283333
26/01/2018,27.54,74.25,2.26,0.2,998.64,8.61920833
27/01/2018,25.06,88.75,0.83,0,998.98,13.85083333
28/01/2018,25.78,77,0.66,17.2,998.63,12.32941666
29/01/2018,26.92,73.75,0.66,0.4,997.82,13.62520833
30/01/2018,27.82,65.5,2.06,0,997.36,32.83070833
31/01/2018,28.68,59.75,1.5,0,997.55,36.134125
01/02/2018,28.8,62.5,1.93,0,997.61,30.19308333
02/02/2018,25.84,89,1.33,0,997.86,11.674125
03/02/2018,25.72,91.5,1.5,20.4,997.38,16.077375
04/02/2018,26.28,85,0.83,21.8,998.35,6.77525
05/02/2018,25.52,92.25,1.07467,1.8,998.85,10.4335
06/02/2018,25.64,88,0.8,1.6,999.11,3.22341666
07/02/2018,26.78,87.25,0.86,35.4,999.38,4.67933333
08/02/2018,26.4,83.25,1.33,25.4,999.88,29.13804166
09/02/2018,26.62,72.75,1.9,0.6,1000.49,24.19683333
10/02/2018,26.08,81,0.75,0,1000.54,8.46625
11/02/2018,24.64,92,0.13,2,1000.35,1.37970833
12/02/2018,24.12,93.75,0.5,8.6,1000.58,1.39908333
13/02/2018,23.8,90.25,0.66,6.8,1000.68,1.429625
14/02/2018,23.66,90.5,0.66,8.6,1001.2,1.16641666
15/02/2018,24.74,85.25,0.26,36.4,1002.25,0.733375
16/02/2018,25.98,90.25,0.83,0.2,1001.44,6.192375
17/02/2018,25.96,83.75,0.83,12,1000.7,7.006875
18/02/2018,25.88,87.25,1.83,0.2,999.93,0.03308333
19/02/2018,25.76,94.5,0.43,0.2,999.38,5.88566666
20/02/2018,26.14,85,1,5.8,999.22,11.783
21/02/2018,25.96,87.75,0.66,1.4,999.85,7.07925
22/02/2018,25.28,91.25,1.16,0.2,1000.54,1.277375
23/02/2018,26.16,86.25,0.23,4.6,1000.55,0.19725
24/02/2018,26.12,87.5,0.43,0,999.35,2.33733333
25/02/2018,25.76,92.5,0.3,0.2,1000.21,0.27341666
26/02/2018,26.36,85.75,0.5,17,1001.1,0.882125
27/02/2018,27,80.5,0.7,2.8,1000.61,19.4125
28/02/2018,26.46,86,0.83,0.4,1000.12,19.05083333
01/03/2018,25.44,91.5,0.6,13.6,1002.15,8.46533333
02/03/2018,25.34,84,0.5,7.8,1002.81,0.9285
03/03/2018,26.42,81.75,0.83,5.8,1000.57,19.12033333
04/03/2018,25.72,83.75,0.5,1.2,998.97,27.84329166
05/03/2018,25.28,92.75,0.53,0.4,999.35,6.564375
06/03/2018,26.48,80.25,0.83,1.6,999.58,16.89879166
07/03/2018,26.7,86.5,0.76,2.4,1000.1,11.8905
08/03/2018,26.04,88.5,0.83,0.2,1000.31,7.06841666
09/03/2018,26.06,88.5,0.66,3.6,1001.29,7.05891666
10/03/2018,26.34,86.5,1,2.2,1001.54,7.650375
11/03/2018,26.56,87,0.16,3.6,1000.94,9.78858333
12/03/2018,26.38,87,1,2.2,1000.75,15.09716666
13/03/2018,26.4,86,0.56,1.6,1000.38,13.708125
14/03/2018,26.96,85.25,0.5,1.2,1000.74,21.50083333
15/03/2018,26.96,81.75,0.36,1.2,1000.6,25.63495833
16/03/2018,27.24,72.75,1.16,0.8,1000.32,20.08516666
17/03/2018,27.6,77.25,0.66,0.6,999.38,9.71879166
18/03/2018,27.4,78.5,1,0.6,998.61,15.36320833
19/03/2018,26.94,81.75,0.53,0.4,998.86,14.94195833
20/03/2018,27.02,79.25,1,0.4,999.66,17.53820833
21/03/2018,27.76,73.5,0.6,0.2,999.97,9.15879166
22/03/2018,26.38,85.5,1.16,0.2,1000.02,8.07379166
23/03/2018,26.88,80,0.8,0,999.25,16.07916666
24/03/2018,27.68,77.5,0.66,0.2,998.91,7.89316666
25/03/2018,27.46,78.25,0.56,0,999.53,1.95995833
26/03/2018,25.72,90.75,0.5,0,1000.62,0.23079166
27/03/2018,25.36,89.5,0.1,0,1000.76,5.656375
28/03/2018,26.06,85.5,0.66,0.2,999.26,1.98683333
29/03/2018,25.1,93.75,0.23,0,999.11,0.124875
30/03/2018,25.48,96.75,0.5,0,999.59,0.28991666
31/03/2018,26.96,81.25,0.66,0,999.34,12.97570833
01/04/2018,26.44,84.75,0.83,2.3580661075481006,998.74,7.88108333
02/04/2018,25.52,95.5,0.1,2.3580661075481006,998.89,4.46870833
03/04/2018,25.92,85,0.66,2.3580661075481006,998.04,2.39091666
04/04/2018,25.72,94,0.5,2.3580661075481006,998.18,4.891625
05/04/2018,25.82,87,1,2.3580661075481006,998.5,2.06308333
06/04/2018,25.6,70.87581010732539,0.35,2.3580661075481006,999.1,4.94616666
07/04/2018,25.54,90.25,0.06,2.3580661075481006,1000.05,0.53420833
08/04/2018,25.9,86.5,0.23,2.3580661075481006,1000.94,1.277
09/04/2018,25.12,83.25,0.66,2.3580661075481006,1000.46,4.78833333
10/04/2018,24.24,95,0.1,2.3580661075481006,1001.05,3.504375
11/04/2018,24.48,87,0.33,2.3580661075481006,1000.87,1.30433333
12/04/2018,24.7,95.5,0,2.3580661075481006,1001.09,0.01220833
13/04/2018,24.88,89.5,0.5,2.3580661075481006,1001.88,1.94066666
14/04/2018,26,85,0.66,2.3580661075481006,1002.49,1.6945
15/04/2018,25.6,85.75,0.66,2.3580661075481006,1002.57,4.17583333
16/04/2018,25.12,93,0.1,2.3580661075481006,1001.83,0.951125
17/04/2018,24.28,91.5,0.16,2.3580661075481006,1002.6,0.34245833
18/04/2018,25.52,86.25,0.36,2.3580661075481006,1003.29,10.838625
19/04/2018,25.76,85,0.83,2.3580661075481006,1003.3,13.67175
20/04/2018,26.68,81.25,0.26,2.3580661075481006,1001.88,9.707375
21/04/2018,26.42,84.5,0.4,2.3580661075481006,1000.23,7.63216666
22/04/2018,25.62,89.25,0,2.3580661075481006,1000.16,5.63308333
23/04/2018,25.48,85.5,0.83,2.3580661075481006,1001.08,4.93941666
24/04/2018,25.86,84.5,0.33,2.3580661075481006,1001.66,2.06995833
25/04/2018,25.88,81.5,0.33,2.3580661075481006,1001.99,3.784125
26/04/2018,25.54,89.25,0.16,2.3580661075481006,1001.8,5.400875
27/04/2018,26.66,77.5,1,2.3580661075481006,1000.98,11.55079166
28/04/2018,26.58,83.25,0.66,2.3580661075481006,1001.25,5.46383333
29/04/2018,26.22,78.75,0.83,2.3580661075481006,1001.41,14.45745833
30/04/2018,25.74,93.5,0.15,2.3580661075481006,1001.71,3.99016666
01/05/2018,26.16,83.5,0.43,2.3580661075481006,1002.19,3.7535
02/05/2018,26.08,88.25,0.13,2.3580661075481006,1002.46,3.789125
03/05/2018,26.48,80.5,0.5,2.3580661075481006,1001.74,3.974625
04/05/2018,26.1,87.5,0.43,2.3580661075481006,1000.83,3.86816666
05/05/2018,25.68,85,0.26,2.3580661075481006,1001.31,1.338125
06/05/2018,25.84,87,0.3,2.3580661075481006,1001.77,1.238
07/05/2018,24.94,92,0.83,2.3580661075481006,1002.18,2.1235
08/05/2018,25.78,85.25,0.4,2.3580661075481006,1001.49,0.320625
09/05/2018,25.64,90.75,0.5,2.3580661075481006,1001.44,1.9105
10/05/2018,24.12,91.75,0,2.3580661075481006,1002.39,12.95120833
11/05/2018,25.22,92.25,0.33,2.3580661075481006,1001.84,0.64458333
12/05/2018,26,90.25,1.16,2.3580661075481006,1002.1,11.746375
13/05/2018,25.36,89.25,0.66,2.3580661075481006,1000.96,4.92379166
14/05/2018,26.02,84.25,0.56,2.3580661075481006,1000.35,17.061625
15/05/2018,25.74,80,1,2.3580661075481006,1000.98,9.973
16/05/2018,25.66,81.25,0.56,2.3580661075481006,1000.98,8.69445833
17/05/2018,26,84,0.5,2.3580661075481006,1001.03,2.36254166
18/05/2018,25.56,82,0.9,2.3580661075481006,1000.9,19.38645833
19/05/2018,25.8,81.25,0.73,2.3580661075481006,1001.41,15.12054166
20/05/2018,26.58,79.25,0.2,2.3580661075481006,1000.92,3.29720833
21/05/2018,26.04,81.5,1,2.3580661075481006,1000.14,6.6525
22/05/2018,25.44,85.75,0.33,2.3580661075481006,1001.5,14.13520833
23/05/2018,25.46,77.5,0.5,2.3580661075481006,1002.5,17.58904166
24/05/2018,25.36,93.25,0.13,2.3580661075481006,1003.45,1.38133333
25/05/2018,25.44,87,0.66,2.3580661075481006,1002.34,8.12720833
26/05/2018,25.9,82.75,1,2.3580661075481006,1001.33,10.45133333
27/05/2018,26.26,88.25,0.5,2.3580661075481006,1001.49,8.73566666
28/05/2018,25.58,78,0.2,2.3580661075481006,1002.33,9.95820833
29/05/2018,25.34,82.25,0.5,2.3580661075481006,1002.12,8.31079166
30/05/2018,25.86,69.75,0.26,2.3580661075481006,1002.09,4.187625
31/05/2018,25.66,74,0.66,2.3580661075481006,1001.34,4.08916666
01/06/2018,25.2,82.5,0,2.3580661075481006,1001.23,2.69875
02/06/2018,26.52,78.25,0.66,2.3580661075481006,1001.76,20.24329166
03/06/2018,25.78,83.75,0.1,2.3580661075481006,1002.53,10.84925
04/06/2018,26.12,81,0.66,2.3580661075481006,1002.42,21.12491666
05/06/2018,24.8,85,0.16,2.3580661075481006,1001.56,12.19108333
06/06/2018,25.72,74.25,0.66,2.3580661075481006,1001.22,25.17041666
07/06/2018,24.7,90.75,0.5,2.3580661075481006,1003.05,14.59183333
08/06/2018,25.22,86,0.533,2.3580661075481006,1004.07,33.60858333
09/06/2018,25.54,76.5,1.16,2.3580661075481006,1004.09,28.27279166
10/06/2018,24.68,79,0.66,2.3580661075481006,1003,26.12295833
11/06/2018,24.46,75.5,0.6,2.3580661075481006,1002.22,22.76745833
12/06/2018,24.72,70,0.66,2.3580661075481006,1002.34,6.8615
13/06/2018,25.72,65.5,1.93,2.3580661075481006,1002.37,18.875875
14/06/2018,25.84,64.25,1,2.3580661075481006,1003.5,18.56083333
15/06/2018,26.34,69.5,0.9,2.3580661075481006,1004.04,19.33775
16/06/2018,26.26,73.75,1,2.3580661075481006,1004.63,23.80791666
17/06/2018,25.68,74.5,0.83,2.3580661075481006,1005.36,23.27595833
18/06/2018,24.72,83.25,0.83,2.3580661075481006,1005.95,8.06445833
19/06/2018,25.58,79.5,0.33,2.3580661075481006,1004.98,11.31558333
20/06/2018,26.04,75,1.16,2.3580661075481006,1004.05,11.43179166
21/06/2018,25.94,68.5,0.66,2.3580661075481006,1003.89,13.77670833
22/06/2018,24.88,72.5,0.66,2.3580661075481006,1003.82,13.49758333
23/06/2018,25.88,66,1.5,2.3580661075481006,1002.11,11.03345833
24/06/2018,26.18,55.5,0.83,2.3580661075481006,1001.83,18.579
25/06/2018,26.78,66.75,0.4,2.3580661075481006,1001.66,9.43579166
26/06/2018,26.16,65.75,1,2.3580661075481006,1001.74,7.74875
27/06/2018,26.34,70.5,0.56,2.3580661075481006,1001.94,9.53283333
28/06/2018,26.72,67.5,1.16,2.3580661075481006,1001.28,17.800625
29/06/2018,26.56,67,1.33,2.3580661075481006,1001.21,12.79170833
30/06/2018,26.5,63.75,1.16,2.3580661075481006,1000.52,11.14083333
01/07/2018,26.96,73,0.65,2.3580661075481006,1000.06,9.259125
02/07/2018,27.32,81,0.75,0,1000.25,9.18004166
03/07/2018,27.32,72,1.25,0,1000.72,10.62666666
04/07/2018,27.16,72,0.6,0,1000.87,16.064875
05/07/2018,26.6,66,1,0,1001.69,14.04833333
06/07/2018,26.76,73,1.25,0,1002.11,20.76920833
07/07/2018,25.08,95,0.5,6.6,1003.17,12.61841666
08/07/2018,25.72,91,0.25,2.4,1002.88,5.024
09/07/2018,26.94,81,0.25,1.8,1002.22,5.36958333
10/07/2018,25.3,90,0.25,0.2,1004.24,17.17754166
11/07/2018,26.36,81,0.5,1.2,1004.28,32.429
12/07/2018,26.84,77,1,0.2,1004.01,17.45575
13/07/2018,27.32,72,0.7,0,1003.29,16.62908333
14/07/2018,26.42,68,1.35,0,1003.44,22.579
15/07/2018,26.18,70,0.95,0,1003.43,17.26891666
16/07/2018,27.24,71,0.75,0,1003.61,13.18679166
17/07/2018,26.86,69,0.6,0,1003.88,26.34379166
18/07/2018,26.76,74,0.4,0,1002.9,18.215125
19/07/2018,26.94,72,0.55,0,1001.3,14.40604166
20/07/2018,26.62,61,1.5,0,1001.67,21.76295833
21/07/2018,26.72,72,0.5,0,1001.74,19.70441666
22/07/2018,26.92,74,1.5,0,1001.54,14.44529166
23/07/2018,27.72,67,1.25,0,1002.04,15.81825
24/07/2018,27.5,65,1,0,1003.46,19.48925
25/07/2018,27.06,70,0.85,0,1003.85,30.289875
26/07/2018,27.4,69,1,0,1004.28,28.64025
27/07/2018,27.26,70,1,0,1003.54,25.6095
28/07/2018,27.04,72,1.25,0,1002.57,25.262875
29/07/2018,27.26,69,1,0,1002.56,33.46058333
30/07/2018,26.44,75,0.5,0,1002.65,38.74404166
31/07/2018,26.6,70.87581010732539,1.5,0,1002.47,36.02591666
01/08/2018,26.82,71,1.03,0,1001.98,25.23575
02/08/2018,27.2,68.5,1.33,0,1001.66,26.21333333
03/08/2018,27.16,64,1,0,1001.9,28.96145833
04/08/2018,26.98,60,0.833,0,1002.52,31.35920833
05/08/2018,26.92,66,1.16,0,1001.51,30.66404166
06/08/2018,27.12,63.75,1.33,0,1002.61,26.81258333
07/08/2018,27.12,62.25,1.4,0,1003.38,31.30216666
08/08/2018,27.78,62.5,2.16,0,1003.76,29.93741666
09/08/2018,27.22,61,0.66,0,1003.76,25.560125
10/08/2018,27.76,65,1.16,0,1003.4,23.49445833
11/08/2018,27.36,65.25,2.16,0,1004.02,32.25566666
12/08/2018,26.98,69.5,1.5,0,1003.82,33.43766666
13/08/2018,27.3,62.5,1.06,0,1002.26,33.07133333
14/08/2018,27.56,70.25,2.66,0,1001.72,30.02741666
15/08/2018,27.38,58.75,2.33,0,1002.79,37.52108333
16/08/2018,26.76,64.75,1.5,0,1004.85,26.46466666
17/08/2018,27.62,56.5,2.16,0,1004.85,28.678375
18/08/2018,27.24,52.25,2.83,0,1004.28,26.070625
19/08/2018,27.16,54.75,1.07467,0,1003.93,27.99404166
20/08/2018,27.44,53.5,2,0,1004.32,23.0815
21/08/2018,27.84,52.25,2.33,0,1003.8,27.39070833
22/08/2018,28.04,50.5,1.33,0,1003.34,20.672625
23/08/2018,27.8,53.25,1.83,0,1002.42,24.41258333
24/08/2018,27.64,60.25,1.66,0,1002.02,31.24541666
25/08/2018,27.82,68.25,1.16,0,1002.84,23.14566666
26/08/2018,28.6,67,1.83,0,1002.45,18.83170833
27/08/2018,28.3,50,2.56,0,1002.17,31.61216666
28/08/2018,27.76,59.5,2,0,1002.93,26.24329166
29/08/2018,27.88,61.5,2,0,1002.44,16.77116666
30/08/2018,27.4,68.25,1.66,0,1001.03,16.99683333
31/08/2018,27.2,59,1.6,0,1000.81,24.951875
01/09/2018,27.72,55.5,1.5,0,1001.31,30.81379166
02/09/2018,27.5,59,1.16,0,1001,40.87195833
03/09/2018,27.92,57.5,1.5,0,1000.85,42.73425
04/09/2018,27.88,58.25,2.5,0,999.83,39.55804166
05/09/2018,28.08,67.5,2,0,1001.2,35.60883333
06/09/2018,27.98,59,2.5,0,1002,27.81583333
07/09/2018,28,57.75,1.5,0,1001.38,29.60475
08/09/2018,28.2,53,1.16,0,1000.43,23.88241666
09/09/2018,27.6,54.5,1.33,0,1000.61,28.7235
10/09/2018,28.36,63.25,1.73,0,1000.69,28.87883333
11/09/2018,28.32,64.75,1.83,0,1001.23,39.7355
12/09/2018,28.2,51.75,3,0,1001.58,38.401125
13/09/2018,27.92,47.25,1.83,0,1001.36,42.339625
14/09/2018,27.68,47.5,1.83,0,999.91,40.255
15/09/2018,27.9,49.75,3,0,1000.11,45.03704166
16/09/2018,29.02,53.25,2.83,0,1000.07,44.67958333
17/09/2018,28.76,53,2,0,999.97,42.56420833
18/09/2018,28.52,54.75,2.5,0,999.87,43.54691666
19/09/2018,28.9,52.75,2.5,0,1000.8,46.34745833
20/09/2018,28.8,51.75,1.66,0,1001.26,39.07791666
21/09/2018,28.76,47.75,1.66,0,1000.79,36.97158333
22/09/2018,28.36,57,1.83,0,999.86,33.58654166
23/09/2018,28.06,55,2,0,1000.09,41.83245833
24/09/2018,27.74,60.75,3.23,2,1000.56,39.700625
25/09/2018,28.52,56.25,2,0,1000.03,42.97845833
26/09/2018,27.8,55.75,1.23,0,999.63,41.874625
27/09/2018,28.36,50,2.5,0,999.99,45.968625
28/09/2018,28.92,51,2,0,1000.25,46.97033333
29/09/2018,28.72,56.75,1.56,0,1000.45,43.53504166
30/09/2018,28.6,56.5,1.9,0,999.98,46.04654166
01/10/2018,28.52,59,2,0,1000.23,40.35366666
02/10/2018,27.88,51.75,1.9,0,1000.65,44.24195833
03/10/2018,27.78,57.25,1.83,0,1000.85,42.554
04/10/2018,27.96,61.5,1.33,0,1001.1,39.38183333
05/10/2018,28.08,61.75,2.16,0,1000.06,34.82820833
06/10/2018,27.86,60.25,1.83,0,1000.53,34.08954166
07/10/2018,28.68,54,1.66,0,1001.08,39.53883333
08/10/2018,28.58,48.75,2.46,0,1001.07,43.13908333
09/10/2018,28.7,51.75,2.66,0,1000.54,42.16666666
10/10/2018,28.32,53.5,2.16,0,999.47,45.85604166
11/10/2018,28.22,52.5,1.66,0,1000.4,47.41575
12/10/2018,28.04,54.75,2.33,0,1001.2,42.4435
13/10/2018,27.9,60.25,2.5,0,1001.33,42.702875
14/10/2018,29.26,59.75,2.33,0,1000.45,33.04783333
15/10/2018,27.84,66.25,2,0,1000.45,19.20633333
16/10/2018,28.08,61.5,1.83,0,1000.06,15.85683333
17/10/2018,28.58,60,1.33,0,999.88,33.38004166
18/10/2018,28.5,52.25,2.33,0,999.58,40.35166666
19/10/2018,28.06,55.75,1.66,0,998.28,44.504125
20/10/2018,28.28,60,2,0,997.23,38.810625
21/10/2018,28.68,56.5,1.33,0,998.62,27.86291666
22/10/2018,28.12,58,1.66,0,999.85,28.17295833
23/10/2018,28.96,51,1,0,999.74,25.56633333
24/10/2018,29.08,52.25,1.66,0,1000.3,37.85629166
25/10/2018,29.12,53,2.16,0,999.48,42.067
26/10/2018,28.84,56,1.83,0,999.23,45.924125
27/10/2018,28.32,59.25,2,0,999.33,45.3185
28/10/2018,28.26,56.25,1.23,0,999.49,37.922375
29/10/2018,28.86,60,1.66,0,999.9,33.11066666
30/10/2018,29.56,56,2.5,0,1000.59,39.25041666
31/10/2018,28.72,55,1.83,0,1000.66,40.992375
01/11/2018,28.6,55.5,1.4,0,1000.4,42.39733333
02/11/2018,28.48,59,1.5,0,999.13,37.3205
03/11/2018,28.64,55,1.83,0,998.58,37.11275
04/11/2018,28.6,56.25,1.83,0,998.48,44.34517391
05/11/2018,28.38,62.25,1.66,0,998.53,33.29945833
06/11/2018,29.32,63.75,1,0,999.05,40.66879166
07/11/2018,28.44,59.5,1.56,0,999.24,42.45933333
08/11/2018,27.96,57,1.16,0,999.63,41.033875
09/11/2018,29.26,46.75,2.16,0,999.29,43.25775
10/11/2018,29.14,53.25,2.16,0,998.18,39.17091666
11/11/2018,29.5,52.25,2.33,0,997.81,38.53658333
12/11/2018,29.22,52.25,1.66,0,999.16,40.42045833
13/11/2018,29.18,55,2.06,0,998.97,36.99329166
14/11/2018,29.28,51,2.33,0,998.67,47.95983333
15/11/2018,28.32,51.75,2,0,998.83,52.125625
16/11/2018,28.26,58.25,1.66,0,1000.36,44.364375
17/11/2018,29.24,46.5,1.33,0,999.87,49.13383333
18/11/2018,29.6,51,2.5,0,999.44,47.64195833
19/11/2018,29.28,49.25,1.5,0,999.3,50.03304166
20/11/2018,29.24,50.5,1.5,0,999.43,43.42741666
21/11/2018,29.78,49.5,2.83,0,999.35,38.79
22/11/2018,29.3,60.25,1.5,0,999.28,43.25816666
23/11/2018,28.58,65,1.9,0.6,999.71,38.19195833
24/11/2018,29.24,56.5,2,0,999.55,36.55604166
25/11/2018,29.36,55,2,0,999.21,48.29220833
26/11/2018,29.22,58.5,1.5,0,998.07,44.98733333
27/11/2018,29.64,51.5,1.5,0,997.66,23.98808333
28/11/2018,30.48,53,1.5,0,997.4,33.43041666
29/11/2018,29.58,50.75,2,0,998.1,47.733375
30/11/2018,27.06,80.75,2.33,0,999.58,28.33529166
01/12/2018,27.96,79,1.5,0,999.31,10.05229166
02/12/2018,28.9,77,1.5,1.6,998.58,33.044875
03/12/2018,28.96,69,1.75,0,997.13,29.9545
04/12/2018,27.3,24,0.5,0,997.18,5.862125
05/12/2018,26.66,84,0.5,15.6,998.92,1.54966666
06/12/2018,26.2,92,0.5,11.8,1001.21,0
07/12/2018,27.66,83,0.75,4.8,1001.42,5.17433333
08/12/2018,28.58,77,1.75,0,1001.38,12.528875
09/12/2018,26.04,84,0.5,0,1002.42,14.06670833
10/12/2018,25.78,89,0.5,13.8,1003.18,6.79775
11/12/2018,27.28,81,1,23.8,1002.59,15.87191666
12/12/2018,28.32,64,1.75,0,1001.53,25.09866666
13/12/2018,28.06,73,1.5,0,1001.09,38.98433333
14/12/2018,26.84,82,1,0,1001.66,18.24516666
15/12/2018,25.64,91,0.5,10.2,1003.32,3.75275
16/12/2018,27.64,69,1.5,13.6,1003.15,24.307375
17/12/2018,25.04,89,2.5,1.4,1002.92,13.12179166
18/12/2018,27.26,80,1,5.2,1002.18,17.93929166
19/12/2018,27.42,67,2,0.6,1000.95,32.84045833
20/12/2018,27.2,76,1.25,0,1000.16,11.778875
21/12/2018,27.64,71,1,0,999.51,24.0835
22/12/2018,27.66,70,1.25,0,999.38,18.70395833
23/12/2018,25.14,89,0.25,0,1001.29,7.62691666
24/12/2018,25.16,89,0.25,21.2,1001.56,8.76545833
25/12/2018,26.44,84,1.5,0,1000.28,32.49020833
26/12/2018,26.78,83,1.25,0,1000.43,36.716125
27/12/2018,26.58,76,1.5,0,999.42,26.62008333
28/12/2018,27.42,71,1.75,0,999.62,17.67733333
29/12/2018,27.16,76,2.5,0,999.26,17.57904166
30/12/2018,27.6,76,2.5,0,999.6,23.79316666
31/12/2018,27.36,77,0.85,0,999.79,19.99766666
01/01/2019,28.44,59,2,0,1001,25.31704166
02/01/2019,28.28,59.25,2.4,0,1001.45,41.52954166
03/01/2019,28.5,64,1.5,0,1000.86,44.50275
04/01/2019,29.22,60.25,0.9,0,1000.68,48.192
05/01/2019,27.46,72.25,0.9,0,1000.65,29.67670833
06/01/2019,27.96,63.5,0.66,1.2,1000.74,30.18816666
07/01/2019,26.6,71.75,0.83,0,1000.53,13.24875
08/01/2019,26.58,77.25,0.23,6.8,1000.67,12.595125
09/01/2019,26.7,83.25,0.33,0,1000.13,12.51225
10/01/2019,27.22,69,0.9,0,999.86,5.68029166
11/01/2019,28.14,64.75,1.5,0,1000.23,8.30120833
12/01/2019,26.92,79,0.83,0,1001.03,0.49104166
13/01/2019,26.72,86,1.33,0.2,1001,0.143375
14/01/2019,26.38,88.5,0.93,0.2,1001.4,0.950875
15/01/2019,25.74,86.25,0.33,10.8,1002.39,2.72125
16/01/2019,25.64,83.75,1.16,0.4,1002.74,6.818
17/01/2019,25.38,89,0.83,7,1001.78,5.81516666
18/01/2019,24.34,88.25,0.53,0.2,1001.62,1.8135
19/01/2019,25.58,91.25,0.5,0.2,1001.43,9.92091666
20/01/2019,26.66,80.5,0.33,0.2,1001.8,14.020375
21/01/2019,26.78,74.25,1.33,0.4,1001.4,24.60441666
22/01/2019,27.18,66.5,1.16,0.6,1001.41,25.27983333
23/01/2019,27.4,69.75,1.16,0.4,1001.71,18.67129166
24/01/2019,26.68,76.75,0.16,0.4,1001.11,6.834125
25/01/2019,27.08,76.75,1.83,0.6,1000.93,24.70920833
26/01/2019,26.14,82.25,0.83,0.6,1002.16,5.96208333
27/01/2019,26.5,82,0.66,1.2,1001.52,15.48816666
28/01/2019,27.96,67,1.93,0.8,1000.85,24.81741666
29/01/2019,27.9,68.5,0.66,0.2,1000.58,10.38208333
30/01/2019,26.96,76.5,0.5,0.6,1000.45,17.05133333
31/01/2019,26.48,90.75,1,1,1000.38,5.91708333
01/02/2019,25.48,94.25,0.171,2.3580661075481006,1000.81,5.28191666
02/02/2019,26.84,80.25,1.1,2.3580661075481006,1000.28,8.770875
03/02/2019,26.74,82.5,0.63,2.3580661075481006,1000.39,1.4935
04/02/2019,25.9,89,1.66,2.3580661075481006,1000.12,4.66945833
05/02/2019,26.68,87,0.6,2.3580661075481006,999.99,5.14741666
06/02/2019,25.68,92.25,0.5,2.3580661075481006,1000.01,0.27845833
07/02/2019,25.62,95.25,0.4,2.3580661075481006,999.11,2.83466666
08/02/2019,27.08,84.75,1.5,2.3580661075481006,998.23,6.48279166
09/02/2019,27.78,75.75,1.16,2.3580661075481006,998.59,22.242625
10/02/2019,27.9,71,1.33,2.3580661075481006,998.79,19.495
11/02/2019,28.14,69.75,1.06,2.3580661075481006,999.57,21.54508333
12/02/2019,28.32,72.5,0.83,2.3580661075481006,999.58,25.306125
13/02/2019,26.76,92.75,0.5,2.3580661075481006,1000.63,12.4655
14/02/2019,26.38,84,1,2.3580661075481006,1001.63,4.491375
15/02/2019,27.54,80.25,0.63,2.3580661075481006,1001.05,5.466875
16/02/2019,25.2,91.25,0.6,2.3580661075481006,1000.95,4.04379166
17/02/2019,25.98,93,0.26,2.3580661075481006,1000.85,0.55808333
18/02/2019,26.8,88,1.16,2.3580661075481006,1000.99,4.13966666
19/02/2019,26.14,92.25,0.33,2.3580661075481006,1001,1.48325
20/02/2019,26.84,84.5,0.66,2.3580661075481006,1000.09,3.02891666
21/02/2019,26.66,88,0.5,2.3580661075481006,1000.34,4.51254166
22/02/2019,25.44,89,0.5,2.3580661075481006,1001.78,8.92995833
23/02/2019,25.9,91,1.16,2.3580661075481006,1000.89,4.34591666
24/02/2019,25.42,87.75,0.83,2.3580661075481006,1000.8,9.83954166
25/02/2019,25.9,82.75,0.5,2.3580661075481006,1000.27,1.199375
26/02/2019,26.34,90,0.5,2.3580661075481006,1000.65,9.72341666
27/02/2019,25.58,94.5,0.06,2.3580661075481006,1001.34,1.52683333
28/02/2019,25.38,94.25,0.833,2.3580661075481006,1001.83,1.27879166
01/03/2019,26.14,84.75,0.166,2.3580661075481006,1002.16,4.25029166
02/03/2019,25.84,84.5,0.6,2.3580661075481006,1002.11,6.4915
03/03/2019,25.84,86.5,0.566,2.3580661075481006,1001.69,3.58154166
04/03/2019,26.22,89,1.66,2.3580661075481006,1001.78,10.13920833
05/03/2019,26.42,82.25,0.36,2.3580661075481006,1001.74,8.86945833
06/03/2019,24.96,91.75,0.33,2.3580661075481006,1002.43,3.874
07/03/2019,25.2,87,0.66,2.3580661075481006,1002.94,6.78329166
08/03/2019,25.36,92.25,0.66,2.3580661075481006,1001.91,3.48954166
09/03/2019,26.12,91,0.83,2.3580661075481006,1000.95,14.692375
10/03/2019,26.14,91.25,0.83,2.3580661075481006,1000.61,6.28433333
11/03/2019,26.5,85.5,0.16,2.3580661075481006,999.99,3.06579166
12/03/2019,26.58,85,1,2.3580661075481006,1000.04,7.41283333
13/03/2019,24.3,92.5,0.13,2.3580661075481006,1000.83,4.43233333
14/03/2019,25.28,83.25,0.5,2.3580661075481006,1000.61,0.83175
15/03/2019,25.82,89.5,2.5,2.3580661075481006,1000.45,1.47820833
16/03/2019,25.08,90,0.26,2.3580661075481006,1000.71,3.35308333
17/03/2019,25.52,91,0.7,2.3580661075481006,1000.63,0.58479166
18/03/2019,25.78,90.75,0.66,2.3580661075481006,1000.78,1.72441666
19/03/2019,25.9,92.25,0.83,2.3580661075481006,1000.14,3.844375
20/03/2019,26.46,83,1.33,2.3580661075481006,999.28,5.07279166
21/03/2019,27.64,90.5,0.43,2.3580661075481006,999.92,3.141125
22/03/2019,26.4,85,1.33,2.3580661075481006,1000.97,0.98195833
23/03/2019,26.04,87,1.33,2.3580661075481006,1001.8,2.11075
24/03/2019,25.68,86.5,1.16,2.3580661075481006,1001.67,2.01445833
25/03/2019,25.74,91.5,0.23,2.3580661075481006,1000.76,9.0615
26/03/2019,25.92,84.75,0.5,2.3580661075481006,1000.45,2.35508333
27/03/2019,26.08,94.5,0,2.3580661075481006,1001.53,0.60420833
28/03/2019,25.32,93,0.5,2.3580661075481006,1001.98,2.716
29/03/2019,26.06,92,0.26,2.3580661075481006,1001.72,5.69475
30/03/2019,26.58,86.75,0.4,2.3580661075481006,1000.88,2.66225
31/03/2019,25.52,89.5,0.43,2.3580661075481006,1000.51,1.64775
01/04/2019,25.2,87,0,2.3580661075481006,1001.33,1.55629166
02/04/2019,26.52,85.5,0.51,2.3580661075481006,1000.43,1.73116666
03/04/2019,26.32,88.5,0,2.3580661075481006,1000.66,1.50941666
04/04/2019,25.52,93.25,0.171,2.3580661075481006,999.84,5.43470833
05/04/2019,25.72,86.75,0.68,2.3580661075481006,1001.17,0.01379166
06/04/2019,25.6,89.75,0.2,2.3580661075481006,1002.37,1.27425
07/04/2019,26.86,85,0.68,2.3580661075481006,1001.93,8.45283333
08/04/2019,26.58,88,0.51,2.3580661075481006,1001.05,7.90970833
09/04/2019,26,91.75,0,2.3580661075481006,1000.68,9.46275
10/04/2019,26.8,84,0.51,2.3580661075481006,1000.18,3.80675
11/04/2019,26.6,91,0,2.3580661075481006,1000.98,1.632
12/04/2019,26.1,86.75,0.34,2.3580661075481006,1001.06,3.81458333
13/04/2019,25.96,88,0.34,2.3580661075481006,1000.32,2.07475
14/04/2019,24.92,95.5,0.171,2.3580661075481006,1000.41,3.77679166
15/04/2019,24.86,96.75,0.51,2.3580661075481006,1001.29,1.16979166
16/04/2019,25.46,92.25,0.34,2.3580661075481006,1000.93,1.48383333
17/04/2019,25.78,91.5,0.34,2.3580661075481006,1000.37,3.92929166
18/04/2019,25.82,91.5,0,2.3580661075481006,1000.08,3.76691666
19/04/2019,25.94,85.75,0.68,2.3580661075481006,1000.71,0.97079166
20/04/2019,26.72,87,0.51,2.3580661075481006,1000.81,1.81204166
21/04/2019,27.04,83.25,0.68,2.3580661075481006,999.96,1.45791666
22/04/2019,26.68,83.25,0.51,2.3580661075481006,999.64,5.39979166
23/04/2019,26.36,89.25,1.2,2.3580661075481006,1000.74,12.41704166
24/04/2019,26.58,83.5,0.51,2.3580661075481006,1000.93,7.45995833
25/04/2019,26.42,84.75,0.85,2.3580661075481006,1001.17,3.90845833
26/04/2019,25.92,89.75,0,2.3580661075481006,1001.9,3.795875
27/04/2019,26.64,85.25,0.171,2.3580661075481006,1000.82,3.66120833
28/04/2019,25.44,95.75,0,2.3580661075481006,1000.82,1.67604166
29/04/2019,25.4,94.75,0.51,2.3580661075481006,1000.62,0.19633333
30/04/2019,25.82,92.75,0,2.3580661075481006,1001.53,0.75291666
01/05/2019,25.68,91.25,0.85,2.3580661075481006,1001.4,2.96116666
02/05/2019,26.16,87.75,0.34,2.3580661075481006,1000.8,6.34775
03/05/2019,26.1,77,0,2.3580661075481006,1000.7,17.64525
04/05/2019,25.56,79.5,0,2.3580661075481006,1000.39,11.943
05/05/2019,26.12,82.25,0.85,2.3580661075481006,1000.38,11.647
06/05/2019,26.08,83.75,0.51,2.3580661075481006,1001.11,5.43933333
07/05/2019,25.84,81,0,2.3580661075481006,1001.15,2.29458333
08/05/2019,25.88,89,0.34,2.3580661075481006,1001.23,3.308
09/05/2019,26.18,88.5,0,2.3580661075481006,999.96,9.18275
10/05/2019,26.56,84,0.34,2.3580661075481006,998.42,6.10895833
11/05/2019,26.28,83.25,0.51,2.3580661075481006,998.93,5.76895833
12/05/2019,26.72,85.75,0.51,2.3580661075481006,1000.15,7.29704166
13/05/2019,26.34,83.25,0.68,2.3580661075481006,1001.11,11.71775
14/05/2019,26.02,90.25,0.51,2.3580661075481006,1001.54,5.03620833
15/05/2019,26.24,85.75,0,2.3580661075481006,1000.92,7.56075
16/05/2019,26.38,83.25,0.51,2.3580661075481006,1001.07,7.39383333
17/05/2019,26.14,86.25,0.85,2.3580661075481006,1000.87,3.96783333
18/05/2019,26.5,84.25,0.51,2.3580661075481006,1000.66,15.56379166
19/05/2019,26.6,84.25,0,2.3580661075481006,1000.85,20.89091666
20/05/2019,25.88,87.5,0.34,2.3580661075481006,1000.84,7.47525
21/05/2019,26.52,83,0.51,2.3580661075481006,1000.04,7.36341666
22/05/2019,27.328397912783753,70.87581010732539,0,2.3580661075481006,1001.13,5.30554166
23/05/2019,26,84.5,0.68,2.3580661075481006,1001.01,5.98541666
24/05/2019,25.64,93.25,0,2.3580661075481006,1001.24,4.86754166
25/05/2019,26.3,86.25,0.34,2.3580661075481006,1000.94,8.18525
26/05/2019,26.22,85.75,0.34,2.3580661075481006,1000.72,6.55995833
27/05/2019,26.74,81.25,0,2.3580661075481006,1000.98,14.23558333
28/05/2019,25.74,81,0.68,2.3580661075481006,1000.85,13.10591666
29/05/2019,26.2,82.75,0.85,2.3580661075481006,1001.53,12.95120833
30/05/2019,25.6,86,0.34,2.3580661075481006,1001.42,15.2225
31/05/2019,26,87,0,2.3580661075481006,1000.92,4.317875
01/06/2019,26.36,82.25,0.68,2.3580661075481006,1000.99,27.59204166
02/06/2019,26.12,81.25,0.68,0,1001.12,10.708
03/06/2019,26.14,81.5,0.68,0,1002.63,8.59633333
04/06/2019,26.48,78.5,0.85,0,1003.57,10.54020833
05/06/2019,26.08,80.75,0.171,0,1002.73,15.11708333
06/06/2019,27.328397912783753,70.87581010732539,0.77,0,1001.9,15.22954166
07/06/2019,26.34,77,0.68,0,1001.59,12.49958333
08/06/2019,26.16,80.75,0.171,0,1002.29,9.73416666
09/06/2019,25.76,87.5,0.34,0,1002.65,13.94958333
10/06/2019,26.32,83.25,0.85,0,1002.47,6.169625
11/06/2019,27.18,80.25,0.51,0,1001.98,14.75141666
12/06/2019,24.68,88,0,2.4,1002.78,8.5025
13/06/2019,26.02,86,0.51,0,1002.95,10.85970833
14/06/2019,27.328397912783753,87,0,1.4,1003.56,17.51754166
15/06/2019,26.64,82.25,0.85,0.4,1003.12,17.712875
16/06/2019,26.28,81,0.171,0,1003.34,12.10395833
17/06/2019,27.328397912783753,70.87581010732539,0,0,1003.44,9.87545833
18/06/2019,28,76.75,0.34,0,1003.65,18.4475
19/06/2019,26.2,77,0,0,1003.64,4.96829166
20/06/2019,26.34,69,0.68,0,1003.61,12.04779166
21/06/2019,26.28,72,0.51,0,1004.59,17.314875
22/06/2019,26.5,74.75,0.51,0,1005.12,2.80804166
23/06/2019,25.82,74.25,0,0,1004.08,5.85504166
24/06/2019,25.62,74.25,0.68,0,1002.25,17.55683333
25/06/2019,26,71.75,0,0,1001.7,15.50275
26/06/2019,27.328397912783753,70.87581010732539,0.51,0,1002.37,17.2315
27/06/2019,26.74,65,0,0,1002.85,16.6245
28/06/2019,26.74,66,0,0,1002.14,17.979125
29/06/2019,27.328397912783753,70.87581010732539,1.07467,0,1001.51,24.530125
30/06/2019,26.84,79,0.77,0,1001.4,14.715875
01/07/2019,26.78,75,0.51,0,1001.1,22.84183333
02/07/2019,25.4,87,0.88,0,1000.47,31.54879166
03/07/2019,26.7,79,0.51,0,1001.21,8.15058333
04/07/2019,27.12,82,0.77,0,1001.4,17.05791666
05/07/2019,26.94,78,0.77,0,1003.22,25.04058333
06/07/2019,26.18,82,0,0,1003.48,32.17454166
07/07/2019,26.68,84,0.51,0,1003.61,16.34158333
08/07/2019,26.6,77,0.77,0,1004.34,18.35270833
09/07/2019,26.76,75,0.77,1.6,1004.3,16.214125
10/07/2019,26.16,84,0.77,0,1003.5,21.47895833
11/07/2019,27.02,76,0.51,0,1002.32,10.6885
12/07/2019,26.98,78,0.51,7.6,1001.83,17.68645833
13/07/2019,26.66,74,0.77,0,1002.47,32.532375
14/07/2019,27.44,75,0.77,0,1001.94,18.739
15/07/2019,27.14,73,0.51,0,1001.2,19.93395833
16/07/2019,27.328397912783753,70.87581010732539,0,0,1002.2,26.41429166
17/07/2019,27.328397912783753,70.87581010732539,0.51,0,1003.05,16.10483333
18/07/2019,27.44,68,0.25,0,1003.6,20.11166666
19/07/2019,25.82,78,0.25,0,1003.63,22.32620833
20/07/2019,27.328397912783753,72,0.51,0,1003.49,15.36533333
21/07/2019,27.3,67,1,0,1003.08,20.89495833
22/07/2019,27.28,72,0.51,1,1002.59,7.61829166
23/07/2019,27.04,71,1,0.8,1003.33,11.57616666
24/07/2019,27.7,74,1,0,1002.33,8.55604166
25/07/2019,27.56,73,0.51,0,1002,20.70754166
26/07/2019,26.88,65,0.77,0,1003.26,31.66633333
27/07/2019,27.02,78,1,0,1004.05,30.80158333
28/07/2019,27.32,63.5,0.85,0,1002.78,19.32875
29/07/2019,28.12,59.75,1,0,1002.2,10.85866666
30/07/2019,27.16,69,1,0,1002.43,16.70675
31/07/2019,27.88,69,1,0,1002.65,23.575625
01/08/2019,28.1,59.5,1,0,1001.56,28.189625
02/08/2019,25.3,75.5,1,0,1002.2,31.09916666
03/08/2019,26.24,61.75,0.51,0,1002.81,29.42279166
04/08/2019,27.54,59.75,1,0,1003.47,23.85183333
05/08/2019,27.4,58.5,0.68592,0,1004.45,25.68495833
06/08/2019,26.88,53,1,0,1006.19,12.806875
07/08/2019,27.52,61.5,0.8574,0.2,1005.75,28.056625
08/08/2019,27.6,65,1,0,1004.51,7.07491666
09/08/2019,28.26,53.75,1,0,1004.38,23.53975
10/08/2019,27.22,67.75,1,0,1004.73,21.82608333
11/08/2019,28.04,59.5,1,0,1004.2,27.88108333
12/08/2019,28.66,52.25,0.85,0,1002.21,23.58575
13/08/2019,27.58,59.25,1,0,1002.2,27.11370833
14/08/2019,27.92,56,1,0,1003.28,35.0515
15/08/2019,27.74,55.5,1,0,1003.88,29.42070833
16/08/2019,27.36,66,1.5,0,1003.46,22.58645833
17/08/2019,27.52,58,1.02,0,1002.95,24.50866666
18/08/2019,27.12,66,1.2,0,1002.66,16.989625
19/08/2019,27.72,60.75,1.02,0,1002.83,35.86816666
20/08/2019,27.88,53.25,1.2,0,1003.71,28.29433333
21/08/2019,27.62,61,1.54,0,1004,35.25358333
22/08/2019,28,51,1.88,0,1003.44,25.396375
23/08/2019,28.2,54.75,1.54,0,1003.85,15.499
24/08/2019,28.04,54,1.37,0,1004.12,32.2605
25/08/2019,28.14,50,1.37,0,1004.25,40.831625
26/08/2019,27.6,50.5,1.72,0,1003.35,42.76179166
27/08/2019,28.16,55.75,1.2,0,1003.23,33.52629166
28/08/2019,28,57.5,1.37,0,1003.15,41.28770833
29/08/2019,27.96,63.75,1.2,0,1002.5,30.30595833
30/08/2019,27.92,58,1.2,0,1002.76,34.62770833
31/08/2019,27.68,61.75,0.85,0,1002.54,37.03704166
01/09/2019,28.16,60.25,1.88,0,1001.42,43.00033333
02/09/2019,27.94,60.25,1.54,0,1000.84,36.18654166
03/09/2019,27.92,60,0.8574,0,1001.68,51.54558333
04/09/2019,28.54,58.5,1.02,0,1003.08,46.25604166
05/09/2019,28.16,53,2.22,0,1003.11,35.59541666
06/09/2019,27.92,53.5,1.54,0,1002.87,35.097875
07/09/2019,27.86,57.25,2.22,0,1003.28,26.61529166
08/09/2019,28.06,60.75,1.2,0,1004.03,36.43029166
09/09/2019,28.84,47.75,2.22,0,1003.76,36.84233333
10/09/2019,27.96,54,2.05,0,1003.19,35.87458333
11/09/2019,28.82,59.25,1.37,0,1001.6,39.09829166
12/09/2019,28.92,54.25,1.78,0,1001.18,43.06004166
13/09/2019,27.74,57.25,1.88,0,1001.42,44.327
14/09/2019,27.94,54.5,1.71,0,1001.1,40.26116666
15/09/2019,27.98,55,2.057,0,1000.52,32.66641666
16/09/2019,28.52,47.75,1.137,0,1000.84,33.64204166
17/09/2019,27.74,61.25,0.85,0,1000.94,37.24829166
18/09/2019,29.22,62.25,1.54,0,1000.1,38.282875
19/09/2019,28.5,60.25,2.05,0,1000.18,44.26654166
20/09/2019,28.92,63.25,0.68,0,1000.75,40.67645833
21/09/2019,28.14,61.75,1.71,0,1001.03,45.23983333
22/09/2019,28.38,58,0.85,0,1000.8,29.70370833
23/09/2019,28.08,58.5,2.22,0,1001.7,31.747625
24/09/2019,27.8,62,2.4,0,1002.45,23.46979166
25/09/2019,27.96,61.25,2.4,0,1001.95,28.75358333
26/09/2019,27.18,65,0.8574,0,1001.94,33.55691666
27/09/2019,27.68,51.75,2.57,0,1002.48,45.00691666
28/09/2019,27.56,54.5,1.88,0,1002.1,40.85658333
29/09/2019,28.22,55.25,1.71,0,1000.89,33.10425
30/09/2019,28.34,61.75,1.2,0,1000.49,31.44220833
01/10/2019,28.86,55.75,1.2,0,999.45,41.713625
02/10/2019,27.72,59,1.2,0,1000.37,39.83658333
03/10/2019,27.58,61.75,1.88,0,1001.16,41.35975
04/10/2019,28.08,53.25,1.88,0,1000.6,38.32166666
05/10/2019,28.16,51,1.88,0,999.68,35.81808333
06/10/2019,28.48,56,1.88,0,1000.23,31.51670833
07/10/2019,28.68,63.25,2.22,0,1001.03,42.97604166
08/10/2019,28.7,58.25,2.57,0,1000.12,54.947
09/10/2019,28.64,55.5,1.88,0,1000.27,58.35304166
10/10/2019,28.98,56,3.08,0,999.79,47.019625
11/10/2019,28.2,60.25,2.05,0,1000.16,36.3625
12/10/2019,28.66,61.25,2.22,0,999.97,33.35741666
13/10/2019,28.66,55.5,1.2,0,999.39,37.50658333
14/10/2019,28.9,56.75,1.8,0,1000.01,44.66975
15/10/2019,28.12,64.5,2,0,1000.81,36.28975
16/10/2019,28.12,67.75,0.66,0,1000.85,34.29320833
17/10/2019,27.92,65.5,1.54,0,1001.27,40.892625
18/10/2019,28.1,63.25,1.54,0,1001.15,40.76983333
19/10/2019,28.56,63.25,2.22,0,1000.37,38.75991666
20/10/2019,28.18,65.25,1.2,0,999.73,10.97554166
21/10/2019,28.8,57.5,2.22,0,999.58,24.01295833
22/10/2019,28.52,59.5,1.37,0,999.73,12.62475
23/10/2019,29.18,58.5,2.05,0,999.55,7.44020833
24/10/2019,28.46,61,1.54,0,999.52,25.85604166
25/10/2019,28.88,44.75,1.54,0,999.54,36.312125
26/10/2019,28.02,54.5,2.22,0,1000.88,35.96025
27/10/2019,27.92,61.75,1.2,0,1001.23,34.36383333
28/10/2019,28.58,59.75,0.85,0,999.74,49.54495833
29/10/2019,28.14,70.5,1.2,0,998.83,42.53575
30/10/2019,32.88,51,1.5,0,999.18,41.520125
31/10/2019,29.18,63,2.22,0,1000.25,39.792375
01/11/2019,28.92,62,1.02,0,1000.16,27.140625
02/11/2019,28.52,60.5,2.05,0,998.97,32.59629166
03/11/2019,29.12,55.5,1.37,0,999,39.884375
04/11/2019,29,56.75,2.74,0,999.55,41.663625
05/11/2019,29.32,56.5,1.2,0,999.68,40.08291666
06/11/2019,28.8,56,1.78,0,999.38,44.232125
07/11/2019,29.18,56.75,1.37,0,997.7,36.14241666
08/11/2019,29.24,55.75,1.7,0,997.25,34.35879166
09/11/2019,28.68,61.75,1.2,0,998.48,39.1425
10/11/2019,28.84,59.75,1.54,0,999,42.56475
11/11/2019,28.48,62.75,2.22,0,997.97,41.60191666
12/11/2019,28.68,64,1.7,0,997.29,37.3265
13/11/2019,28.94,58.25,1.37,0,998.47,36.478
14/11/2019,29.16,60,1.54,0,999.18,40.196
15/11/2019,29.2,57.75,1.7,0,998.67,35.481125
16/11/2019,28.46,63,1.2,0,996.98,36.96408333
17/11/2019,28.9,57.75,1.5,0,997.22,31.94683333
18/11/2019,28.22,64.5,1.7,0,998.87,21.48833333
19/11/2019,28.88,62.75,1.7,0,999.69,35.20320833
20/11/2019,29.34,66.25,1.2,0.2,998.48,29.693375
21/11/2019,28.9,62,1.8,0,998.58,34.197375
22/11/2019,29.02,62.5,2.05,0,999.1,33.14566666
23/11/2019,28.84,59,1.02,0,999.59,28.757625
24/11/2019,28.92,56.75,1.8,0,998.87,30.59608333
25/11/2019,29.04,57,0.85,0,998.81,32.00325
26/11/2019,29.02,56,2,0,999.13,35.52075
27/11/2019,28.88,66,1.02,0,999.07,40.273125
28/11/2019,28.96,69,2.05,0,998.72,36.1375
29/11/2019,28.96,75,1.8,0,998.89,37.33025
30/11/2019,29.46,65,2.05,0,999.5,37.37004166
01/12/2019,29.16,69,1.8,0,1000.72,34.01479166
02/12/2019,28.88,71,2,0,999.89,37.60608333
03/12/2019,28.52,70,2.31,0,998.61,28.67116666
04/12/2019,28.82,66,2.5,0,999.43,34.700375
05/12/2019,28.74,70,1.8,0,1000.56,31.73570833
06/12/2019,28.74,71,2,0,1000.32,23.8285
07/12/2019,28.98,73,2,0,999.31,29.547625
08/12/2019,28.9,77,2.3,0,999.34,30.66504166
09/12/2019,28.82,76,1.8,0,1000.07,32.98608333
10/12/2019,29.42,67,2,0,999.75,29.44341666
11/12/2019,29.52,69,2.5,0,998.75,19.32308333
12/12/2019,28.92,64,1.8,0,997.79,26.95170833
13/12/2019,29,68,2.5,0,998.03,29.56395833
14/12/2019,29.14,65,1.2,0,998.72,26.14108333
15/12/2019,29.38,67,1.8,0,998.93,37.91920833
16/12/2019,29.48,59,1.5,0,999.15,35.39175
17/12/2019,30.04,63,2.3,0,998.89,31.034375
18/12/2019,29.74,58,1.2,0,999.33,33.28983333
19/12/2019,29.1,65,1.3,0,999.56,33.517875
20/12/2019,29.6,69,1.02,0,999.22,41.44695833
21/12/2019,29.54,64,1.8,0,998.52,39.29158333
22/12/2019,29.64,59,2.5,0,998.95,32.549
23/12/2019,29.4,64,2.05,0,999.38,41.9205
24/12/2019,29.28,67,2.05,0,999.13,40.705
25/12/2019,28.9,73,1.07467,1.6,998.19,36.94966666
26/12/2019,27.28,88,2.05,0,998.71,45.276125
27/12/2019,25.9,97,0.25,0,999.33,40.48045833
28/12/2019,26,89,1.5,0,998.74,38.774
29/12/2019,28.9,68,1.8,0,997.83,35.36558333
30/12/2019,27.9,90,1.9,0,997.97,27.48354166
31/12/2019,26,87,2,29.8,999.51,0.77083333
01/01/2020,27.38,67.08,0.57,0.6,1000.02,18.54975
02/01/2020,26.97,69.88,0.42,12,1000.02,11.90954166
03/01/2020,28.4,65,1.56,3.4,1000.31,24.63225
04/01/2020,28.39,64.33,0.73,0.8,1000.8,6.19370833
05/01/2020,27.71,62.79,1.09,0,1000.41,6.31425
06/01/2020,28.36,60,0.97,0,999.95,20.34570833
07/01/2020,27.63,65.92,1,0.6,1001.06,0.90458333
08/01/2020,26.91,71.58,0.53,5.2,1000.9,0.45533333
09/01/2020,25.58,72.54,0.2,5.2,1000.88,1.16479166
10/01/2020,25.74,80.17,0.48,22.2,1001.04,0.28179166
11/01/2020,26.45,89.63,0.63,19.6,1000.38,9.90995833
12/01/2020,28.1,78.21,0.93,0.2,1000.57,26.36504166
13/01/2020,27.95,72.17,1.32,0,1000.23,6.44366666
14/01/2020,26.45,76.83,0.3,0.2,999.96,3.57166666
15/01/2020,26.55,78.92,0.06,1.2,1000.16,3.65358333
16/01/2020,26.63,79.54,0.43,5.4,1001.13,7.09425
17/01/2020,25.73,84.92,0.18,0,1001.62,5.40579166
18/01/2020,27.09,91,0.73,18,1001.13,17.89641666
19/01/2020,28,82.5,0.56,0,1000.48,21.53466666
20/01/2020,27.77,79.5,0.56,0,999.34,6.505875
21/01/2020,27.93,75.46,1.07,0,998.9,4.88783333
22/01/2020,27.33,79.58,0.46,0.2,999.04,8.26329166
23/01/2020,27.6,79.92,0.15,0,998.85,25.43191666
24/01/2020,28.2,73.88,0.91,2,999.59,30.37254166
25/01/2020,28.57,69.63,1.42,0,999.63,27.5145
26/01/2020,26.27,77.21,0.72,0,1000.21,8.69320833
27/01/2020,27.11,79.29,0.8,15,1000.87,21.44633333
28/01/2020,24.88,87.13,0,8.2,1001.57,4.8025
29/01/2020,27.13,84.29,0.02,0,1000.8,7.64620833
30/01/2020,26.46,88.5,0.19,0.2,1001.15,13.786625
31/01/2020,24.67,97,0.12,2.6,1002.68,2.40791666
01/02/2020,26.18,91.5,0.08,1.4,1002.42,1.04733333
02/02/2020,26.59,92.9,0.73,8.6,1001.77,12.86841666
03/02/2020,26.88,83.28,0.81,0,1001.99,8.88691666
04/02/2020,25.47,92.08,0.27,2.4,1001.52,3.52804166
05/02/2020,24.5,96.43,0.55,6.2,1002.12,4.191125
06/02/2020,25.39,94.46,0.16,2.2,1001.41,0.94354166
07/02/2020,25.49,93.67,0.1,0.6,999.85,8.86354166
08/02/2020,26.75,70.87581010732539,0.23,0.8,1000.17,8.18170833
09/02/2020,25.78,70.87581010732539,0.38,1.2,1001.9,1.82583333
10/02/2020,25.43,70.87581010732539,0.91,0.4,1002.48,8.932
11/02/2020,27.02,70.87581010732539,0.42,0.2,1000.93,11.62666666
12/02/2020,27.29,70.87581010732539,0.22,0.4,999.91,9.19920833
13/02/2020,25.13,70.87581010732539,0.14,0.2,1000.33,2.67170833
14/02/2020,26.32,70.87581010732539,0.48,0.8,1000.36,11.646
15/02/2020,25.95,70.87581010732539,0.62,1.4,1000.45,0.70279166
16/02/2020,25.14,70.87581010732539,0.09,0.4,1000.46,1.81345833
17/02/2020,25.44,70.87581010732539,0.19,0.2,1000.13,3.983625
18/02/2020,24.88,70.87581010732539,0.11,0.2,1000.11,6.22979166
19/02/2020,25.21,70.87581010732539,0.15,0.2,998.78,3.75466666
20/02/2020,26.27,70.87581010732539,0.26,0.2,998.87,12.65954166
21/02/2020,26.53,70.87581010732539,0,0,999.52,1.52504166
22/02/2020,25.3,70.87581010732539,0.31,0.2,1001.19,1.3805
23/02/2020,26.84,70.87581010732539,0.4,0.2,1001.28,10.3815
24/02/2020,26.58,70.87581010732539,0,0,1000.16,9.73475
25/02/2020,26,70.87581010732539,0.3,0.2,999.82,2.65579166
26/02/2020,27.04,70.87581010732539,0.23,0,999.17,4.63016666
27/02/2020,27.31,70.87581010732539,0.42,0.6,1000.68,6.68016666
28/02/2020,26.14,70.87581010732539,0.14,1,1001.63,4.3165
29/02/2020,26.62,70.87581010732539,0.2,0.8,1001.73,0.37079166
01/03/2020,26.49,70.87581010732539,0.28,2.3580661075481006,1001.54,1.92783333
02/03/2020,25.65,70.87581010732539,0.05,2.3580661075481006,1001.04,6.22195833
03/03/2020,26.39,70.87581010732539,0.14,2.3580661075481006,1000.88,0.41745833
04/03/2020,26.43,70.87581010732539,0.19,2.3580661075481006,1001.9,0.91233333
05/03/2020,26.32,70.87581010732539,0.19,2.3580661075481006,1002.47,1.01491666
06/03/2020,27.06,70.87581010732539,0.27,2.3580661075481006,1000.82,1.66570833
07/03/2020,25.81,70.87581010732539,0,2.3580661075481006,1000.19,0.60408333
08/03/2020,26.6,70.87581010732539,0.31,2.3580661075481006,999.65,5.084625
09/03/2020,26.91,70.87581010732539,0.25,2.3580661075481006,1000.3,2.20020833
10/03/2020,26.69,70.87581010732539,0.33,2.3580661075481006,1000.85,4.665375
11/03/2020,26.11,70.87581010732539,0.04,2.3580661075481006,999.79,0.013125
12/03/2020,26.88,70.87581010732539,0.44,2.3580661075481006,999.5,0.26066666
13/03/2020,25.18,70.87581010732539,0.27,2.3580661075481006,1000.88,1.78333333
14/03/2020,25.4,70.87581010732539,0.28,2.3580661075481006,1000.44,9.10291666
15/03/2020,25.96,70.87581010732539,0,2.3580661075481006,1000.17,4.170375
16/03/2020,24.78,70.87581010732539,0,2.3580661075481006,1001.35,1.19283333
17/03/2020,25.89,70.87581010732539,0.05,2.3580661075481006,1001.55,3.25733333
18/03/2020,27.34,70.87581010732539,0.32,2.3580661075481006,1000.78,14.46216666
19/03/2020,26.95,70.87581010732539,0.81,2.3580661075481006,999.68,8.37579166
20/03/2020,26.08,70.87581010732539,0.28,2.3580661075481006,1000.02,0.35120833
21/03/2020,25.9,70.87581010732539,0.32,2.3580661075481006,1001.05,3.11583333
22/03/2020,27.37,70.87581010732539,0.02,2.3580661075481006,1001.82,2.31575
23/03/2020,27.45,70.87581010732539,0.66,2.3580661075481006,1001.75,4.75645833
24/03/2020,26.84,70.87581010732539,0.5,2.3580661075481006,1000.69,3.983875
25/03/2020,25.45,70.87581010732539,0.1,2.3580661075481006,1000.75,2.60920833
26/03/2020,25.16,70.87581010732539,0.07,2.3580661075481006,999.9,0.48466666
27/03/2020,25.76,70.87581010732539,0.09,2.3580661075481006,998.71,10.1905
28/03/2020,26.76,70.87581010732539,0.08,2.3580661075481006,999.43,12.2815
29/03/2020,27.09,70.87581010732539,0.23,2.3580661075481006,999.79,7.39916666
30/03/2020,26.08,70.87581010732539,0.42,2.3580661075481006,999.04,8.132875
31/03/2020,26.04,70.87581010732539,0.28,2.3580661075481006,998.21,5.55075
01/04/2020,26.09,70.87581010732539,0.07,2.3580661075481006,999.45,2.18245833
02/04/2020,26.7,70.87581010732539,0.11,2.3580661075481006,1000.6,2.109125
03/04/2020,26.18,70.87581010732539,0.28,2.3580661075481006,1000.1,4.61054166
04/04/2020,25.56,70.87581010732539,0.08,2.3580661075481006,999.87,5.68258333
05/04/2020,26.59,70.87581010732539,0.02,2.3580661075481006,1000.5,4.913875
06/04/2020,25.93,70.87581010732539,0.2,2.3580661075481006,1001.43,11.30175
07/04/2020,26.27,70.87581010732539,0,2.3580661075481006,1000.46,4.104625
08/04/2020,27.5,70.87581010732539,0.01,2.3580661075481006,999.38,7.52179166
09/04/2020,27.47,70.87581010732539,0.61,2.3580661075481006,999.62,5.96208333
10/04/2020,26.03,70.87581010732539,0.17,2.3580661075481006,1000.38,6.19716666
11/04/2020,26.04,70.87581010732539,0.05,2.3580661075481006,1000.84,3.64354166
12/04/2020,25.96,70.87581010732539,0.04,2.3580661075481006,1000.95,1.880625
13/04/2020,25.9,70.87581010732539,0.33,2.3580661075481006,1000.33,4.93329166
14/04/2020,26.32,70.87581010732539,0.19,2.3580661075481006,999.59,0.74466666
15/04/2020,25.73,70.87581010732539,0.23,2.3580661075481006,1000.95,0.15466666
16/04/2020,26.05,70.87581010732539,0.35,2.3580661075481006,1001.92,1.68533333
17/04/2020,26.29,70.87581010732539,0.02,2.3580661075481006,1002.68,4.31566666
18/04/2020,25.54,70.87581010732539,0.19,2.3580661075481006,1002.8,0.230125
19/04/2020,25.91,70.87581010732539,0.11,2.3580661075481006,1002.18,0.917125
20/04/2020,26.2,70.87581010732539,0.19,2.3580661075481006,1001.11,1.49020833
21/04/2020,25.6,70.87581010732539,0.3,2.3580661075481006,1001.77,0.32558333
22/04/2020,25.88,70.87581010732539,0.35,2.3580661075481006,1001.24,0.99
23/04/2020,25.87,70.87581010732539,0,2.3580661075481006,1000.72,1.82595833
24/04/2020,25.52,70.87581010732539,0,2.3580661075481006,1000.97,1.20708333
25/04/2020,25.39,70.87581010732539,0.1,2.3580661075481006,1001.46,1.81420833
26/04/2020,25.62,70.87581010732539,0.25,2.3580661075481006,1001.5,3.17683333
27/04/2020,24.7,70.87581010732539,0.41,2.3580661075481006,1002.18,5.94916666
28/04/2020,26.08,70.87581010732539,0,2.3580661075481006,1001.99,7.10891666
29/04/2020,26.36,70.87581010732539,0.43,2.3580661075481006,1002.09,6.185375
30/04/2020,25.41,70.87581010732539,0.11,2.3580661075481006,1002.11,3.555875
01/05/2020,26.51,70.87581010732539,0.13,2.3580661075481006,1002.88,0.45329166
02/05/2020,27.01,70.87581010732539,0.57,2.3580661075481006,1002.16,8.98220833
03/05/2020,27.05,70.87581010732539,0.4,2.3580661075481006,1000.68,8.33054166
04/05/2020,27.33,70.87581010732539,0.28,2.3580661075481006,999.66,9.27041666
05/05/2020,26.66,70.87581010732539,0.75,2.3580661075481006,999.78,14.270875
06/05/2020,26.74,70.87581010732539,0.56,2.3580661075481006,1000.64,15.31320833
07/05/2020,26.08,70.87581010732539,0.13,2.3580661075481006,1000.72,8.47104166
08/05/2020,26.72,70.87581010732539,0.03,2.3580661075481006,1001.84,0.32470833
09/05/2020,26.85,70.87581010732539,0.27,2.3580661075481006,1002.53,6.00783333
10/05/2020,25.79,70.87581010732539,0.3,2.3580661075481006,1003.1,5.82883333
11/05/2020,26.79,70.87581010732539,0.19,2.3580661075481006,1002.02,3.87541666
12/05/2020,26.43,70.87581010732539,0.36,2.3580661075481006,1001.35,9.19595833
13/05/2020,26.48,70.87581010732539,0.28,2.3580661075481006,1000.68,5.26429166
14/05/2020,26.45,70.87581010732539,0.15,2.3580661075481006,1000.98,6.203375
15/05/2020,26.33,70.87581010732539,0.29,2.3580661075481006,1001.85,2.81041666
16/05/2020,25.25,70.87581010732539,0.15,2.3580661075481006,1002.43,7.86383333
17/05/2020,26.28,70.87581010732539,0.27,2.3580661075481006,1002.28,7.72041666
18/05/2020,26.63,70.87581010732539,0.57,2.3580661075481006,1002.46,13.423875
19/05/2020,26.94,70.87581010732539,0.36,2.3580661075481006,1002.39,5.33904166
20/05/2020,27.38,70.87581010732539,0.16,2.3580661075481006,1001.95,7.932375
21/05/2020,27.33,70.87581010732539,0.57,2.3580661075481006,1002.4,8.489
22/05/2020,26.39,70.87581010732539,0.4,2.3580661075481006,1002.75,5.16183333
23/05/2020,26.43,70.87581010732539,0.37,2.3580661075481006,1002.63,5.745875
24/05/2020,26.73,70.87581010732539,0,2.3580661075481006,1002.3,4.36625
25/05/2020,26.62,70.87581010732539,0.02,2.3580661075481006,1002.49,11.87491666
26/05/2020,26.58,70.87581010732539,0.01,2.3580661075481006,1002.81,5.06070833
27/05/2020,26.2,70.87581010732539,0,2.3580661075481006,1001.98,11.27575
28/05/2020,26.26,70.87581010732539,0,2.3580661075481006,1001.04,14.784
29/05/2020,26.28,70.87581010732539,0.28,2.3580661075481006,1001.62,4.351875
30/05/2020,25.98,70.87581010732539,0.34,2.3580661075481006,1002.28,0.42691666
31/05/2020,24.71,70.87581010732539,0.25,2.3580661075481006,1002.81,2.14570833
01/06/2020,25.93,70.87581010732539,0.7,2.3580661075481006,1002.29,14.609125
02/06/2020,26.85,70.87581010732539,0.35,0,1002.52,10.714625
03/06/2020,26.92,70.87581010732539,0.84,0,1002.63,18.31904166
04/06/2020,27.11,70.87581010732539,0.75,0,1002.57,14.23191666
05/06/2020,27.1,70.87581010732539,0.82,0,1003.16,4.490125
06/06/2020,26.65,70.87581010732539,0.37,0,1003.07,5.18845833
07/06/2020,25.7,70.87581010732539,0.28,0,1003.71,3.37970833
08/06/2020,26.12,70.87581010732539,0.26,2.8,1002.51,8.776125
09/06/2020,26.33,70.87581010732539,0.23,0.8,1001.88,11.57204166
10/06/2020,25.7,70.87581010732539,0.51,0,1002.21,7.003875
11/06/2020,25.59,70.87581010732539,0.73,0,1002.6,11.53775
12/06/2020,26.68,70.87581010732539,0.84,0,1001.39,12.27729166
13/06/2020,26.45,70.87581010732539,0.23,0,1001.52,3.78116666
14/06/2020,26.42,70.87581010732539,0.81,0,1002.21,1.63216666
15/06/2020,26.99,70.87581010732539,0.36,0,1002.57,4.776625
16/06/2020,26.28,70.87581010732539,0.16,0,1002.79,13.04679166
17/06/2020,26.73,70.87581010732539,0.73,0,1002.31,12.392625
18/06/2020,27,70.87581010732539,0.64,0,1002.33,9.35595833
19/06/2020,26.41,70.87581010732539,0.73,0,1002.67,14.431625
20/06/2020,27.1,70.87581010732539,1.15,0,1002.65,11.605
21/06/2020,26.29,70.87581010732539,1.11,0,1002.8,10.27945833
22/06/2020,26.72,70.87581010732539,0.62,0,1001.63,2.86941666
23/06/2020,27.19,70.87581010732539,1.16,0,1000.1,11.85854166
24/06/2020,26.37,70.87581010732539,0.98,0,1000.27,7.13420833
25/06/2020,27.15,70.87581010732539,0.74,0,1001.38,9.264
26/06/2020,26.76,70.87581010732539,0.53,0,1001.67,16.56158333
27/06/2020,26.2,70.87581010732539,0.57,0,1000.54,23.671125
28/06/2020,27.07,70.87581010732539,0.83,0,1000.82,22.67270833
29/06/2020,26.77,70.87581010732539,1.52,0,1001.26,29.224125
30/06/2020,26.68,70.87581010732539,0.78,3.6,1001.37,4.49058333
01/07/2020,27.28,70.87581010732539,1,0,1000.46,7.6015
02/07/2020,27.96,70.87581010732539,1.53,0,1000.8,21.30495833
03/07/2020,27.29,70.87581010732539,1.15,0,1001.29,29.35141666
04/07/2020,26.27,70.87581010732539,1,0.2,1001.42,27.74425
05/07/2020,26.8,70.87581010732539,1.47,0,1000.86,18.13245833
06/07/2020,23.87,70.87581010732539,0.86,0.2,1001.95,7.58295833
07/07/2020,24.58,70.87581010732539,0.19,13.8,1001.65,6.42158333
08/07/2020,25.89,70.87581010732539,0.63,0.2,1000.9,12.37495833
09/07/2020,26.24,70.87581010732539,0.52,0,1002.52,7.87925
10/07/2020,27.1,70.87581010732539,1.1,0.2,1002.66,28.43641666
11/07/2020,26.83,70.87581010732539,0.79,0,1002.03,13.74129166
12/07/2020,27.04,70.87581010732539,0.39,0,1001.7,10.019
13/07/2020,26.77,70.87581010732539,0.25,0,1002.72,17.74941666
14/07/2020,26.63,70.87581010732539,0.14,0,1002.77,16.42416666
15/07/2020,27.01,70.87581010732539,0.45,0,1002.77,23.1925
16/07/2020,27.1,70.87581010732539,0.93,0,1003.01,20.83066666
17/07/2020,26.44,70.87581010732539,0.76,0,1002.88,13.72675
18/07/2020,26.18,70.87581010732539,1.6,0,1002.36,8.977125
19/07/2020,27.24,70.87581010732539,1.14,0,1001.68,23.184125
20/07/2020,26.22,70.87581010732539,1.53,0,1001.76,24.637375
21/07/2020,26.36,70.87581010732539,0.71,1.2,1001.38,10.78191666
22/07/2020,26.77,70.87581010732539,1.05,0,1000.94,26.33741666
23/07/2020,26.75,70.87581010732539,1.06,0,1001.67,23.57975
24/07/2020,27.94,70.87581010732539,1.15,0,1001.67,32.31666666
25/07/2020,27.3,73.5,0.86,0,1001.98,9.248
26/07/2020,27.22,71.67,1.4,0,1002.28,12.29816666
27/07/2020,26.11,67.35,1.4,0,1002.83,29.467125
28/07/2020,26.72,68.41,1.18,0,1002.31,21.47420833
29/07/2020,27.72,67.13,0.75,0,1001.99,14.305125
30/07/2020,27.5,79.81,1.05,0,1001.98,11.51783333
31/07/2020,27.48,61,1.42,0,1002.4,23.04083333
01/08/2020,27.15,69.95,1.02,0,1003.4,26.35508333
02/08/2020,27.6,72.58,1.15,0,1003.62,8.792375
03/08/2020,27.6,72.88,0.73,0,1004.68,9.02945833
04/08/2020,27.66,63,0.6,0,1004.67,17.49079166
05/08/2020,27.08,57,0.97,0,1003.9,12.20004166
06/08/2020,27.24,61.45,1.54,0,1003.54,19.46241666
07/08/2020,27.32,60.81,1.62,0,1003.84,36.09929166
08/08/2020,27.8,61.09,1.23,0,1004.03,30.66329166
09/08/2020,27.77,60.37,1.18,0,1003.6,11.73395833
10/08/2020,27.78,65.11,1.18,0,1001.95,18.17541666
11/08/2020,27.82,60.67,1.2,0,1000.98,23.43895833
12/08/2020,27.76,59.67,1.4,0,1000.42,38.80466666
13/08/2020,27.62,59.22,0.94,0,1000.72,28.00079166
14/08/2020,27.86,67.48,1.14,0,1000.23,36.79529166
15/08/2020,27.79,64,2.05,0,999.85,35.10766666
16/08/2020,28.17,61.96,1.83,0,1000.15,34.087625
17/08/2020,28.6,58,2.06,0,999.62,43.90441666
18/08/2020,28.35,64.75,1.66,0,999.59,48.22595833
19/08/2020,27.84,65.39,1.6,0,1000.9,40.76045833
20/08/2020,28.31,66.04,1.77,0,1001.47,35.83316666
21/08/2020,27.98,68.16,1.02,0,1000.73,20.48929166
22/08/2020,28.65,76.13,1.4,0,1000.44,28.160125
23/08/2020,27.72,71.4,0.94,2.4,1001.74,33.95325
24/08/2020,28.41,68.25,1.6,0,1001.6,32.18383333
25/08/2020,28.12,66.33,1.84,0.2,1000.4,18.35020833
26/08/2020,28.56,70.71,1.45,0,1000.38,27.39141666
27/08/2020,28.7,66.1,0.87,0,1000.96,36.19766666
28/08/2020,28.73,61.88,1.96,0,1001.68,46.90920833
29/08/2020,28.66,63.42,1.99,0,1000.7,51.43191666
30/08/2020,28.98,57.46,2.24,0,1001.07,52.37895833
31/08/2020,28.74,59,2.22,0,1001.51,35.142625
01/09/2020,28.4,63.88,1.38,0,1001.48,18.513375
02/09/2020,28.29,64.46,0.75,0,1001.54,29.13766666
03/09/2020,28.28,62.79,0.68,0,1000.52,33.35816666
04/09/2020,28.18,63.75,1.44,0,1001.96,31.309625
05/09/2020,28.77,62.08,1.43,0,1001.68,39.31583333
06/09/2020,28.48,58.29,1.84,0,1000.59,26.211125
07/09/2020,28.1,62.5,1.55,0,999.37,39.09245833
08/09/2020,28.82,62.42,2.11,0,999.65,42.87520833
09/09/2020,28.65,59.13,1.54,0,1001.85,54.47829166
10/09/2020,28.76,62.29,1.58,0,1002.8,33.890875
11/09/2020,28.67,61.08,1.7,0,1000.62,42.70233333
12/09/2020,28.5,65.33,0.68,0,1000.61,32.026625
13/09/2020,28.69,58.67,1.45,0,1001.63,35.62908333
14/09/2020,28.47,55.46,1.68,0,1002.54,41.39770833
15/09/2020,28.34,58.25,1.74,0,1001.85,47.89266666
16/09/2020,28.68,59.79,1.53,0,1001.06,49.69983333
17/09/2020,29.16,62.25,1.78,0,1000.91,41.29145833
18/09/2020,28.61,64.42,1.36,0,1001.08,38.71908333
19/09/2020,28.8,67.25,1.6,0,1001.49,43.69820833
20/09/2020,28.9,64.08,1.97,0,1001.11,46.698625
21/09/2020,28.13,65.08,1.78,0,1001.33,49.66375
22/09/2020,28.32,64.17,2.33,0,1002.37,55.3555
23/09/2020,28.43,62.21,2.83,0,1002.73,51.57754166
24/09/2020,28.79,62.71,2.12,0,1002.37,40.728875
25/09/2020,28.41,63.54,2.14,0,1002.14,39.21966666
26/09/2020,28.6,63.71,1.03,0,1000.88,43.17541666
27/09/2020,28.25,63.96,1.57,0,1000.3,42.87829166
28/09/2020,28.74,65,2.45,0,999.75,44.018125
29/09/2020,29.53,61.5,2.69,0,1000.8,42.006875
30/09/2020,28.83,61.46,1.51,0,1000.68,43.90479166
01/10/2020,29.19,59.38,2.29,0,998.95,38.027875
02/10/2020,30.12,56.42,2.34,0,998.62,41.79225
03/10/2020,29.71,58.21,2.21,0,999.64,46.9135
04/10/2020,29.45,62,2.25,0,999.98,52.21041666
05/10/2020,29.1,63.13,1.03,0,1000.26,54.96641666
06/10/2020,28.94,56.5,2.51,0,1001.11,59.05529166
07/10/2020,28.73,62.83,2.05,0,1002.39,47.09716666
08/10/2020,28.48,65.79,2.11,0,1002.03,50.19866666
09/10/2020,28.23,65.5,1.86,0,1002.07,47.14329166
10/10/2020,28.56,64.83,1.91,0,1001.95,29.74466666
11/10/2020,28.87,64.88,1.88,0,1001.75,29.43258333
12/10/2020,28.8,64.67,2.29,0,1001.35,29.32333333
13/10/2020,28.93,62.46,1.18,0,1000.54,46.90445833
14/10/2020,28.88,60.17,2.03,0,1000.73,50.99
15/10/2020,29.36,60.04,2.73,0,1000.12,37.21316666
16/10/2020,29.67,61.13,2.31,0,1000.73,47.75016666
17/10/2020,28.78,63.83,1,0,1000.11,44.84520833
18/10/2020,29.51,59.63,1.78,0,999.12,41.252125
19/10/2020,29.48,61.17,1.92,0,999.03,48.53279166
20/10/2020,28.72,61.5,2.67,0,1000.43,50.36916666
21/10/2020,29.17,61.29,2.1,0,1001.08,42.86666666
22/10/2020,29.83,64.33,1.88,0,1000.46,47.76975
23/10/2020,29.03,63.83,2.27,0,1000.16,51.60304166
24/10/2020,29.36,63.88,2.08,0,999.52,48.53008333
25/10/2020,29.11,62.08,2.2,0,998.95,48.93675
26/10/2020,28.89,63.38,1.88,0,998.9,49.214375
27/10/2020,28.88,64.46,1.16,0,998.87,25.87529166
28/10/2020,28.94,63.88,1.3,0,997.87,45.52295833
29/10/2020,29.2,59.92,1.85,0,998.39,52.53970833
30/10/2020,29.26,57.83,2.66,0,999.48,52.926375
31/10/2020,28.63,64.42,2.65,0,999.62,37.85354166
01/11/2020,29.07,66,1.52,0,998.09,47.05329166
02/11/2020,29.78,64.04,1.09,0,997.42,22.18466666
03/11/2020,28.53,70.46,0.85,0.4,999.49,33.90591666
04/11/2020,29,65.92,1.19,3,1000.64,31.57383333
05/11/2020,29.11,62.42,1.13,0,999,39.11308333
06/11/2020,29.44,59.92,2.46,0,998.95,48.73075
07/11/2020,29.6,60.08,2.31,0,1000.79,40.2315
08/11/2020,29.63,61.96,2.4,0,1000.72,36.45266666
09/11/2020,30.72,56.13,1.99,0,999.87,43.42733333
10/11/2020,29.8,59.71,1.52,0,999.52,41.14979166
11/11/2020,27.75,72.75,1.09,0,1000.3,22.88045833
12/11/2020,28.94,63.38,1.84,2,999.51,40.01825
13/11/2020,29,59.63,1.73,0,999.66,38.468875
14/11/2020,30.25,58.54,2.61,0,998.91,42.36141666
15/11/2020,29.95,59.21,2.73,0,999.3,49.11970833
16/11/2020,29.25,62.96,2.25,0,998.49,43.43858333
17/11/2020,28.13,71.04,1.08,0,998.15,46.92670833
18/11/2020,29.23,63.08,1.35,3.8,997.98,47.79383333
19/11/2020,28.93,63.92,1.65,1,998.46,43.973875
20/11/2020,27.96,70.38,1.75,0.4,999.39,18.68829166
21/11/2020,29.14,62.5,1.56,0.2,998.44,35.38416666
22/11/2020,29.35,59.54,2.05,0,998.85,35.26875
23/11/2020,28.62,60,1.91,0,1000.18,36.65770833
24/11/2020,28.78,63.96,2.05,0,1000.55,44.862125
25/11/2020,29.35,60.63,1.59,0,999.77,55.51929166
26/11/2020,29.12,58,1.11,0,998.8,35.37654166
27/11/2020,30.43,53.04,1.78,0,998.79,41.69254166
28/11/2020,29.36,61.75,2.29,0,999.62,38.67225
29/11/2020,29.78,59,2.09,0,999.83,42.11795833
30/11/2020,29.22,62.29,1.53,0,999.84,38.30108333
01/12/2020,28.45,65,0.76,0,1000.13,38.37525
02/12/2020,29.42,61.5,1.55,0,999.72,45.25429166
03/12/2020,29.35,61.67,1.72,0,1000.24,45.44054166
04/12/2020,29.84,60.79,2.43,0,1000.42,46.50525
05/12/2020,29.64,59,2.31,0,999.95,46.28891666
06/12/2020,29.08,63.33,2.42,0,1000.56,50.31895833
07/12/2020,29.33,60.63,1.2,0,999.93,44.72154166
08/12/2020,29.93,54.38,1.95,0,1000.77,43.99195833
09/12/2020,29,61.63,2.69,0,1001.58,47.769875
10/12/2020,29.09,61.38,1.84,0,1000.9,43.18595833
11/12/2020,29.7,61,2.52,0,999.83,40.28791666
12/12/2020,29.35,58.46,0.7,0,999.79,36.25533333
13/12/2020,29.33,58.54,1.16,0,999.91,35.60358333
14/12/2020,29.83,57.63,1.95,0,999.4,31.32941666
15/12/2020,28.85,64.38,1.95,0,998.58,37.76491666
16/12/2020,28.99,65.21,1.9,1,999.33,47.046375
17/12/2020,28.54,67.79,1.3,0.2,1000.2,41.094375
18/12/2020,28.49,65.83,1.07,0.8,999.09,42.23304166
19/12/2020,28.63,59.83,2.17,0.4,998.1,51.72333333
20/12/2020,28.67,61.21,2.47,0.2,998.48,50.41983333
21/12/2020,28.73,62.88,2.63,0.2,999.51,44.86233333
22/12/2020,29.06,60.92,1.08,0,999.44,36.79829166
23/12/2020,28.35,63.92,0.88,0,999.01,36.4255
24/12/2020,28.75,60.21,1.98,0,998.36,46.162625
25/12/2020,28.08,66.33,1.35,0,997.88,44.57970833
26/12/2020,28.58,57.46,2.36,7.6,997.55,46.64066666
27/12/2020,29.1,57.96,2.45,1,998.34,57.429625
28/12/2020,29.53,55.5,2.05,0,998.81,43.55108333
29/12/2020,29.33,55.71,1.37,0,997.98,49.76779166
30/12/2020,28.58,63.46,0.9,0,997.99,34.68570833
31/12/2020,29.13,61.92,0.68,0.6,999.18,32.29666666
01/01/2021,28.7625,65.666667,3.058333,0,1009.145833,40.46608333
02/01/2021,28.15,68.375,2.65,1,1008.216667,45.35041667
03/01/2021,28.554167,68.375,3.095833,0,1007.05,42.56158333
04/01/2021,28.35,70.125,3.345833,3.2,1007.341667,32.08
05/01/2021,27.891667,70.5,2.7375,13,1008.316667,47.341
06/01/2021,28.3,67.458333,3,0,1008.025,48.11916667
07/01/2021,28.775,67.416667,3.3625,0,1008.116667,44.600625
08/01/2021,28.525,67.25,3.658333,0,1008.283333,47.12358333
09/01/2021,28.291667,66.875,3.1375,0.2,1007.975,50.08470833
10/01/2021,28.3,65.75,2.679167,0,1008.816667,38.41425
11/01/2021,27.966667,66.541667,2.008333,0,1008.675,33.80516667
12/01/2021,28.133333,66.25,2.3125,0.2,1008.641667,27.25879167
13/01/2021,28.266667,66.333333,2.5625,0,1008.379167,29.54958333
14/01/2021,27.8125,68.958333,2.858333,1.2,1008.208333,32.901875
15/01/2021,28.520833,66.708333,3.241667,0.2,1007.145833,43.787625
16/01/2021,28.558333,66.791667,3.325,0,1006.2125,41.91508333
17/01/2021,28.095833,66.041667,3.229167,2,1006.404167,27.90245833
18/01/2021,27.633333,70.583333,2.975,0.4,1007.154167,22.94270833
19/01/2021,25.841667,80.25,1.6125,5.2,1008.079167,27.613125
20/01/2021,25.366667,85.125,0.858333,29,1008.070833,13.74708333
21/01/2021,26.7125,79.291667,1.85,4.8,1008.445833,35.63470833
22/01/2021,27.658333,70.625,2.4875,5.4,1009.404167,29.99608333
23/01/2021,27.8,71.916667,2.470833,0.8,1008.725,30.459125
24/01/2021,28.1375,68.416667,3.225,1.4,1007.466667,30.13629167
25/01/2021,26.941667,78.916667,2.2875,19.4,1006.9,12.26216667
26/01/2021,27.770833,72.041667,2.895833,6.2,1007.304167,19.86233333
27/01/2021,27.908333,71.666667,2.304167,0.2,1007.329167,25.37208333
28/01/2021,27.679167,73.375,2.645833,6.6,1007.4,28.65816667
29/01/2021,27.695833,72.916667,2.766667,1.6,1008.166667,16.05491667
30/01/2021,27.620833,73.166667,2.85,19.4,1008.458333,41.03433333
31/01/2021,27.670833,72.625,2.645833,0.4,1008.3875,33.086625
01/02/2021,27.85,71,3.2625,0.6,1007.683333,36.47270833
02/02/2021,28.145833,66.25,3.470833,0.2,1008.516667,48.23679167
03/02/2021,27.825,68.625,3.05,0,1008.875,46.964
04/02/2021,28.233333,68.25,3.258333,0.4,1009.1,36.16554167
05/02/2021,27.725,70.666667,2.704167,0,1008.366667,46.73375
06/02/2021,28.291667,67.625,2.95,0,1008.254167,50.549375
07/02/2021,28.269565,70.826087,2.313043,0,1008.095652,26.79908333
08/02/2021,28.170833,73.291667,2.370833,10,1007.504167,16.00120833
09/02/2021,28.1625,72.958333,2.3375,0,1007.875,7.146666667
10/02/2021,28.291667,73.25,2.6875,1,1007.233333,19.89875
11/02/2021,28.875,70.958333,3.5125,1.2,1007.266667,6.287708333
12/02/2021,28.183333,72.666667,3.054167,11.8,1007.575,33.71116667
13/02/2021,28.525,71.875,3.004167,0.2,1007.008333,34.27133333
14/02/2021,28.4375,71.291667,2.816667,0,1006.979167,31.08033333
15/02/2021,28.2125,72.166667,2.129167,0.2,1006.375,13.12541667
16/02/2021,26.045833,82.75,1.033333,2,1007.795833,1.360708333
17/02/2021,26.075,79.25,0.8375,5.2,1007.966667,0.881625
18/02/2021,27.566667,74.416667,1.8375,0,1008.1,5.445166667
19/02/2021,27.8625,70.291667,1.820833,0,1009.354167,14.764875
20/02/2021,25.670833,85.166667,0.954167,6.6,1009.854167,19.25629167
21/02/2021,27.633333,76.208333,2.3625,21.6,1008.091667,23.53925
22/02/2021,28.320833,69.458333,2.758333,0,1007.766667,16.88
23/02/2021,27.866667,73.958333,2,1.4,1009.283333,10.1475
24/02/2021,27.570833,76.333333,2.1,4.4,1009.141667,8.195041667
25/02/2021,28.395833,70.291667,2.775,0.6,1007.529167,32.56175
26/02/2021,28.0875,71.958333,2.075,0,1006.45,17.05158333
27/02/2021,27,76.125,1.883333,0.4,1006.9625,13.8995
28/02/2021,27.5,75.666667,1.958333,0,1005.395833,13.573
01/03/2021,26.904167,77.333333,2.75,0,1004.275,19.35095833
02/03/2021,27.279167,75.708333,2.1625,1.6,1006.395833,11.723625
03/03/2021,27.5625,73.916667,2.279167,4.4,1008.941667,10.89704167
04/03/2021,28.5,70.291667,2.3875,0,1008.433333,7.546958333
05/03/2021,27.541667,74.958333,2.179167,4.4,1007.775,2.377708333
06/03/2021,28.191667,72.125,2.625,0.6,1007.775,22.527625
07/03/2021,26.25,83.416667,1.208333,15,1008.966667,6.4505
08/03/2021,26.141667,84.708333,1.270833,24.2,1008.004167,3.9965
09/03/2021,27.558333,77.166667,1.695833,16.8,1006.854167,7.259208333
10/03/2021,27.6125,75.666667,1.958333,11.4,1006.979167,2.566916667
11/03/2021,27.958333,72.708333,2.308333,0,1007.55,13.73345833
12/03/2021,27.720833,73.208333,2.308333,1,1008.458333,15.16895833
13/03/2021,28.066667,69.833333,2.3875,4.4,1008.8875,16.724
14/03/2021,27.9375,70.625,2.175,0,1009.041667,15.23158333
15/03/2021,26.86087,76.130435,1.447826,11.6,1009.317391,7.983958333
16/03/2021,26.170833,81.583333,1.108333,2.8,1008.220833,7.905541667
17/03/2021,25.5375,86.125,0.816667,16.8,1007.516667,8.3125
18/03/2021,26.7125,80.458333,1.1375,10,1007,1.021541667
19/03/2021,27.558333,73.458333,2.033333,0.8,1007.333333,10.70266667
20/03/2021,27.575,72.166667,1.991667,2.4,1008.641667,2.80425
21/03/2021,26.0125,79.208333,1.729167,48.2,1009.125,20.792125
22/03/2021,25.6,84.291667,0.745833,2.6,1008.708333,5.021583333
23/03/2021,25.779167,84.375,0.783333,32.6,1008.7625,2.865583333
24/03/2021,25.279167,87.25,0.933333,13.6,1008.554167,2.7045
25/03/2021,25.0375,88.25,0.8875,40.8,1009.029167,1.23775
26/03/2021,23.583333,88.583333,0.904167,102.6,1009.558333,0.121041667
27/03/2021,24.129167,89.958333,0.479167,6.4,1009.129167,2.17
28/03/2021,25.920833,78.041667,0.883333,12.4,1008.566667,3.272541667
29/03/2021,26.804167,78.208333,1.025,0,1008.208333,5.657666667
30/03/2021,27.170833,79.375,1.675,13.2,1007.575,7.558166667
31/03/2021,25.879167,86.625,0.933333,10.4,1006.275,18.08854167
01/04/2021,27.325,76.625,1.995833,11,1006.179167,29.60916667
02/04/2021,27.6625,72.458333,2.1125,0,1007.920833,14.05366667
03/04/2021,27.920833,77.625,2.079167,2.4,1008.170833,11.37191667
04/04/2021,27.908333,73.791667,2.554167,1,1007.445833,13.28275
05/04/2021,28.129167,70.583333,2.508333,0,1007.708333,21.660875
06/04/2021,27.470833,72.958333,2.204167,0,1007.366667,17.05954167
07/04/2021,28.454167,67.333333,2.458333,0,1007.608333,11.17695833
08/04/2021,28.866667,67.583333,3.608333,0,1008.120833,26.12141667
09/04/2021,28.520833,65.125,3.079167,0,1008.195833,14.62179167
10/04/2021,28.7,68.708333,2.670833,0,1006.808333,16.59908333
11/04/2021,25.820833,82.583333,0.979167,0.8,1007.616667,4.129666667
12/04/2021,27.058333,77.916667,1.616667,2,1008.683333,10.62816667
13/04/2021,27.304167,79.333333,1.9,38.2,1009.441667,16.21841667
14/04/2021,27.691667,78.583333,1.854167,1.2,1008.504167,21.4435
15/04/2021,27.595833,77.916667,2.016667,22,1007.695833,9.941458333
16/04/2021,27.2375,74,2.3875,0.8,1007.75,18.428625
17/04/2021,26.545833,80.333333,1.35,0.6,1008.045833,18.31304167
18/04/2021,26.616667,79.375,2.05,15.2,1008.170833,19.85675
19/04/2021,26.454167,79.083333,1.354167,0,1008.970833,1.577875
20/04/2021,26.679167,77.041667,1.054167,5.4,1008.833333,0.55275
21/04/2021,26.929167,76.583333,0.970833,4.2,1008.970833,0.512875
22/04/2021,27.020833,78.583333,0.970833,0.4,1009.05,0.647125
23/04/2021,26.579167,81.708333,1.491667,18.4,1008.691667,6.401291667
24/04/2021,26.45,84,1.458333,7.4,1008.1125,3.35825
25/04/2021,27.133333,77.541667,1.458333,13.2,1008.004167,13.75233333
26/04/2021,27.108333,77.083333,1.941667,0,1007.5125,14.08058333
27/04/2021,27.954167,72.375,2.291667,3.6,1007.195833,10.73283333
28/04/2021,27.9,73.958333,2.1,0.2,1007.229167,7.683333333
29/04/2021,27.195833,75.208333,1.8125,1.8,1008.845833,4.272833333
30/04/2021,27.195833,76.333333,1.866667,0.2,1008.883333,6.975
01/05/2021,26.366667,77.208333,1.720833,34.2,1008.754167,3.509041667
02/05/2021,26.608333,80.625,0.966667,6.6,1009.333333,1.1715
03/05/2021,24.808333,87.916667,0.704167,18.4,1008.9875,3.879125
04/05/2021,24.858333,85.708333,1.054167,13,1009.6625,3.9695
05/05/2021,24.6,88,0.954167,47,1010.254167,3.931333333
06/05/2021,25.791667,82.25,1.141667,23.8,1009.9375,7.855291667
07/05/2021,26.179167,81.25,1.920833,21.6,1010.9875,10.68620833
08/05/2021,25.454167,84.416667,1.175,11.4,1011.3375,6.426666667
09/05/2021,27.095833,77.208333,1.625,0.2,1010.329167,5.977583333
10/05/2021,27.245833,74.5,2.058333,0.2,1009.308333,1.060833333
11/05/2021,26.945833,76,1.966667,0.8,1008.779167,3.168208333
12/05/2021,26.533333,78.625,2.108333,0.2,1008.75,3.865916667
13/05/2021,24.741667,90.375,1.2,0.6,1009.066667,3.706791667
14/05/2021,24.408333,91.041667,1.220833,18.2,1009.054167,1.779375
15/05/2021,26.304348,79.347826,1.834783,20,1009.421739,3.63375
16/05/2021,26.708333,76.791667,1.6,11.6,1009.4875,3.448666667
17/05/2021,26.7875,76.583333,1.545833,0.2,1009.575,4.691916667
18/05/2021,26.941667,79.708333,1.133333,5.4,1009.925,6.885333333
19/05/2021,26.570833,80.208333,1.75,0.6,1009.8375,0.916208333
20/05/2021,27.054167,76.458333,1.725,0,1009.575,15.11404167
21/05/2021,27.433333,74.916667,1.925,0,1009.479167,20.14354167
22/05/2021,27.1375,71.583333,2.2875,0,1009.658333,6.589083333
23/05/2021,27.404167,72.25,2.116667,0,1009.175,3.44975
24/05/2021,27.5875,72.833333,2.475,0,1009.379167,17.76695833
25/05/2021,27.516667,68.5,2.491667,0,1010.4125,17.34241667
26/05/2021,27.125,71.916667,2.195833,0,1010.045833,17.22841667
27/05/2021,27.070833,69.375,2.45,0,1008.691667,8.798458333
28/05/2021,27.4125,69.75,2.295833,0,1008.55,10.74195833
29/05/2021,27.029167,75.375,1.675,0.8,1008.833333,13.97075
30/05/2021,27.058333,72.458333,1.683333,0,1010.004167,20.15683333
31/05/2021,26.783333,76.583333,1.8375,0.2,1009.570833,13.28558333
01/06/2021,27.516667,71.75,2.083333,0.4,1009,16.26183333
02/06/2021,26.9875,75.083333,1.741667,0,1008.966667,14.488125
03/06/2021,27.483333,68.166667,2.2625,0,1010.683333,19.81758333
04/06/2021,26.895833,70.416667,2.275,0,1010.525,23.39858333
05/06/2021,27.479167,67.416667,2.191667,0,1010.258333,19.85745833
06/06/2021,27.270833,72,1.775,0,1008.645833,4.18325
07/06/2021,27.704167,70.791667,2.041667,0,1008.029167,6.349875
08/06/2021,27.583333,75.416667,2.1375,0.8,1008.466667,5.568458333
09/06/2021,27.258333,77.208333,2.245833,18.2,1008.429167,5.487875
10/06/2021,27.566667,70,2.279167,0,1008.783333,5.49
11/06/2021,27.370833,70.625,2.133333,0,1008.870833,9.504291667
12/06/2021,27.058333,74.083333,1.541667,0,1009.4625,2.136833333
13/06/2021,27.65,71.708333,2.204167,5,1010.591667,11.33316667
14/06/2021,27.166667,73.791667,2.433333,10.4,1011.2125,24.90341667
15/06/2021,27.041667,76.541667,1.845833,4.8,1010.9625,25.527875
16/06/2021,26.0125,81.583333,1.075,4.8,1010.366667,17.68120833
17/06/2021,27.054167,78.083333,2.054167,0.8,1010.795833,23.604875
18/06/2021,26.75,79.791667,2.229167,26.8,1011.929167,16.36608333
19/06/2021,26.833333,73.625,1.545833,11.2,1012.966667,13.98591667
20/06/2021,27.6875,69.166667,2.304167,0,1012.133333,19.88095833
21/06/2021,26.85,73.958333,2.104167,8,1011.591667,28.72566667
22/06/2021,26.882609,74.043478,2.308696,1,1011.313043,18.34245833
23/06/2021,27.095833,68.375,2.2875,0,1011.070833,21.93254167
24/06/2021,26.158333,71.291667,1.770833,0,1010.783333,12.328125
25/06/2021,26.875,70.708333,1.929167,0,1010.541667,4.487083333
26/06/2021,26.795833,71.625,1.616667,0,1009.295833,5.274708333
27/06/2021,26.9,69.958333,1.720833,0,1009.133333,3.930958333
28/06/2021,27.229167,70.041667,2.05,0,1010.075,2.185875
29/06/2021,27.120833,67.916667,2.229167,0,1011.0625,4.620916667
30/06/2021,26.508333,75.958333,2.125,0,1011.404167,11.68791667
01/07/2021,26.845833,77.958333,2.5625,0,1011.966667,27.51729167
02/07/2021,26.075,77.583333,2.1125,22.6,1013.1,22.01108333
03/07/2021,27.086957,70.695652,2.713043,0.4,1012.147826,9.236375
04/07/2021,26.325,72.041667,2.629167,2.2,1012.4375,17.51770833
05/07/2021,26.441667,72.166667,1.808333,0,1012.741667,15.31708333
06/07/2021,26.433333,75.833333,1.433333,0,1011.5625,6.445833333
07/07/2021,27.316667,69.125,2.233333,0,1010.4875,10.77666667
08/07/2021,26.4625,72.625,2.041667,0,1010.641667,11.31204167
09/07/2021,26.8375,70.083333,2.75,0,1011.145833,24.767
10/07/2021,26.870833,71.875,2.466667,0,1010.775,40.32366667
11/07/2021,26.982609,72.304348,2.721739,1,1011.130435,28.31458333
12/07/2021,27.279167,69.916667,2.641667,0,1010.8,29.54116667
13/07/2021,27.6125,64.333333,2.945833,0,1011.691667,27.43183333
14/07/2021,26.995833,68.75,2.404167,0,1010.8875,24.57270833
15/07/2021,27.154167,70.166667,2.441667,0,1010.704167,13.76516667
16/07/2021,27.279167,69.875,2.341667,0,1010.816667,27.29520833
17/07/2021,26.779167,76.958333,1.708333,2.2,1011.158333,16.70441667
18/07/2021,27.458333,72,2.233333,0.2,1011.333333,19.236625
19/07/2021,27.525,69.416667,2.7375,0,1010.6125,19.23554167
20/07/2021,26.8625,73.666667,2.708333,7,1011.2625,34.23829167
21/07/2021,27.654167,62.875,3.254167,0,1012.879167,32.32658333
22/07/2021,27.3875,65.708333,3.475,0,1014.195833,28.27841667
23/07/2021,26.9875,64.833333,3,0,1013.008333,26.51620833
24/07/2021,27.116667,63.75,2.3375,0,1011.416667,14.401625
25/07/2021,26.229167,67.791667,2.279167,0,1010.7375,18.499375
26/07/2021,26.870833,66.166667,3.108333,0,1010.929167,24.944625
27/07/2021,27.325,66.958333,2.908333,0,1011.075,23.10995833
28/07/2021,26.9875,73.166667,2.25,0,1010.658333,27.80820833
29/07/2021,27.429167,74,2.541667,0.2,1010.895833,24.80033333
30/07/2021,27.3625,71.333333,2.679167,0,1011.875,25.154375
31/07/2021,27.645833,62.666667,3.216667,0,1013.033333,21.999375
01/08/2021,27.479167,64.208333,2.933333,0,1013.8625,15.588875
02/08/2021,27.120833,61.208333,2.441667,0,1012.9125,3.0355
03/08/2021,26.9,69.625,2.5625,0,1012.004167,3.336291667
04/08/2021,27.516667,66.25,2.775,0,1012.654167,14.45395833
05/08/2021,27.8375,62.666667,2.804167,0,1013.520833,14.57525
06/08/2021,27.695833,60.5,3.241667,0,1013.370833,14.87679167
07/08/2021,27.808333,60.333333,3.2625,0,1012.066667,18.98520833
08/08/2021,27.220833,62.958333,3.033333,0,1012.008333,39.46579167
09/08/2021,28.004167,65.041667,2.970833,0,1012.466667,26.213625
10/08/2021,27.875,68.791667,3.154167,0,1011.591667,25.31458333
11/08/2021,27.908333,65.958333,3.425,0,1010.6875,28.10579167
12/08/2021,27.329167,70.583333,3.504167,0,1010.9875,41.95254167
13/08/2021,27.0625,68.5,3.133333,1.4,1011.8125,45.89366667
14/08/2021,27.4125,64.166667,2.654167,0,1010.616667,17.45129167
15/08/2021,27.445833,66.958333,2.654167,0,1009.866667,19.691875
16/08/2021,27.470833,65.041667,2.5125,0,1009.941667,16.031625
17/08/2021,27.354167,64.958333,2.741667,0,1011.3375,25.09320833
18/08/2021,27.2875,62.041667,3.225,0,1011.366667,29.8475
19/08/2021,27.191667,63,3.179167,0,1009.916667,26.066
20/08/2021,27.575,65.583333,3.541667,0,1009.504167,26.99454167
21/08/2021,27.633333,60.125,3.279167,0.4,1010.445833,39.112875
22/08/2021,27.279167,64.666667,3.225,0,1009.3375,44.640625
23/08/2021,27.55,67.708333,2.854167,0,1008.129167,41.206
24/08/2021,27.3625,66.166667,3.825,0,1007.895833,32.79875
25/08/2021,27.391667,65.666667,3.675,0.2,1007.795833,32.24825
26/08/2021,27.6625,64,3.345833,0,1008.341667,34.68183333
27/08/2021,27.875,61.416667,3.7625,0,1009.595833,50.96225
28/08/2021,27.670833,61.958333,3.554167,0,1010.895833,49.49391667
29/08/2021,27.883333,64.5,3.779167,0,1010.545833,36.85358333
30/08/2021,27.7625,65.208333,3.279167,0,1009.516667,38.22345833
31/08/2021,27.608333,62.208333,3.670833,0.2,1009.7875,42.21154167
01/09/2021,27.4125,64.375,3.670833,0.2,1009.991667,35.76033333
02/09/2021,27.425,60.416667,3.191667,0,1010.108333,31.2375
03/09/2021,27.695833,65.166667,3.3375,0,1010.370833,43.36525
04/09/2021,27.854167,66.041667,3.708333,0,1010.625,56.72895833
05/09/2021,27.470833,68.75,2.645833,0,1010.654167,46.534125
06/09/2021,27.429167,68.208333,3.041667,0,1010.045833,48.43945833
07/09/2021,27.675,64.708333,3.716667,0,1009.245833,40.31291667
08/09/2021,27.675,66.583333,3.404167,0.6,1010.020833,39.63229167
09/09/2021,27.654167,62.208333,3.091667,0,1010.533333,39.17583333
10/09/2021,27.3375,68.166667,2.591667,0,1011.045833,43.08566667
11/09/2021,28.033333,65.416667,3.375,0,1011.3875,46.600875
12/09/2021,27.726087,61.782609,3.517391,0,1011.873913,32.099875
13/09/2021,27.770833,64.666667,3.4875,0,1010.45,31.66258333
14/09/2021,28.216667,63.625,3.1625,0,1009.895833,39.60191667
15/09/2021,28.279167,67.333333,3.504167,0,1011.1375,43.9165
16/09/2021,28.2125,68.458333,3.766667,0,1012.083333,32.48745833
17/09/2021,28.133333,62.708333,3.7125,0,1011.383333,39.75245833
18/09/2021,27.986957,62.608696,3.586957,0,1009.552174,52.58275
19/09/2021,27.620833,63.208333,3.575,0,1009.825,43.6045
20/09/2021,27.647826,65.478261,3.182609,0,1009.943478,48.54266667
21/09/2021,27.758333,65.083333,3,0,1010.220833,38.223375
22/09/2021,28.016667,69.583333,2.566667,0,1009.225,40.07429167
23/09/2021,27.733333,70.791667,2.6,0,1009.833333,47.86941667
24/09/2021,28.054545,65.954545,3.25,0.2,1011.090909,53.45791667
25/09/2021,27.920833,66.291667,3.616667,2.2,1011.483333,42.45879167
26/09/2021,28.145833,64.916667,3.408333,0,1011.579167,41.53658333
27/09/2021,28.073913,68.130435,3.469565,0,1010.578261,35.60491667
28/09/2021,28.391667,66.833333,3.233333,0,1009.366667,39.13595833
29/09/2021,28.441667,66.25,3.529167,0,1008.3,41.33283333
30/09/2021,28.141667,68.583333,2.895833,0,1008.2625,29.121
01/10/2021,27.883333,68.208333,2.958333,0,1008.704167,38.05204167
02/10/2021,28.433333,64.5,3.516667,0,1008.55,52.0555
03/10/2021,28.2125,66.375,3.479167,0.2,1008.366667,49.940125
04/10/2021,28.108333,62.791667,3.541667,0,1008.716667,53.43566667
05/10/2021,28.154167,65.666667,2.966667,0,1008.4125,53.73208333
06/10/2021,28.333333,67.125,3.208333,0,1007.9875,44.213
07/10/2021,28.245833,67.25,3.279167,0.2,1007.216667,37.23325
08/10/2021,27.720833,72.916667,3.408333,5.2,1007.5,41.35445833
09/10/2021,27.929167,70.083333,3.575,0.4,1008.279167,53.61395833
10/10/2021,28.170833,66.125,3.35,0.2,1009.329167,47.01595833
11/10/2021,28.079167,64.708333,2.616667,0,1009.9625,48.096625
12/10/2021,28.066667,64.541667,3.554167,0,1009.408333,48.43466667
13/10/2021,28.170833,63.625,3.191667,0,1008.754167,49.61570833
14/10/2021,27.328397912783753,70.7,3.13,1.2,1008.28,47.298125
15/10/2021,27.328397912783753,62.923077,1.432835742664552,2.3580661075481006,1003.205704386091,33.679625
16/10/2021,27.328397912783753,57.333333,1.432835742664552,2.3580661075481006,1003.205704386091,37.779
17/10/2021,28.5375,66.083333,3.083333,0.6,1008.483333,40.43391667
18/10/2021,27.328397912783753,66.619048,3.490476,2.3580661075481006,1008.890476,44.313875
19/10/2021,28.404167,67.833333,3.054167,0.2,1009.541667,35.19695833
20/10/2021,28.491304,68,2.747826,0,1009.934783,24.26158333
21/10/2021,27.328397912783753,60.733333,1.432835742664552,2.3580661075481006,1003.205704386091,23.43595833
22/10/2021,28.208696,70.478261,2.330435,1,1008.047826,33.81954167
23/10/2021,27.328397912783753,61,1.432835742664552,2.3580661075481006,1003.205704386091,22.94716667
24/10/2021,27.328397912783753,70.87581010732539,1.432835742664552,2.3580661075481006,1003.205704386091,47.30904167
25/10/2021,27.328397912783753,70.87581010732539,1.432835742664552,2.3580661075481006,1003.205704386091,43.999125
26/10/2021,27.328397912783753,57.333333,1.432835742664552,2.3580661075481006,1003.205704386091,48.91683333
27/10/2021,27.328397912783753,70.87581010732539,1.432835742664552,2.3580661075481006,1003.205704386091,44.05720833
28/10/2021,27.328397912783753,70.87581010732539,1.432835742664552,2.3580661075481006,1003.205704386091,40.31745833
29/10/2021,27.328397912783753,70.87581010732539,1.432835742664552,2.3580661075481006,1003.205704386091,26.679125
30/10/2021,27.328397912783753,65,1.432835742664552,2.3580661075481006,1003.205704386091,34.78816667
31/10/2021,27.328397912783753,70.87581010732539,1.432835742664552,2.3580661075481006,1003.205704386091,28.983375
01/11/2021,27.328397912783753,70.87581010732539,1.432835742664552,2.3580661075481006,1003.205704386091,46.02070833
02/11/2021,27.328397912783753,70.87581010732539,1.432835742664552,2.3580661075481006,1003.205704386091,48.048
03/11/2021,27.328397912783753,70.87581010732539,1.432835742664552,2.3580661075481006,1003.205704386091,28.71445833
04/11/2021,27.328397912783753,70.87581010732539,1.432835742664552,2.3580661075481006,1003.205704386091,31.95254167
05/11/2021,27.328397912783753,70.87581010732539,1.432835742664552,2.3580661075481006,1003.205704386091,35.71783333
06/11/2021,27.328397912783753,70.87581010732539,1.432835742664552,2.3580661075481006,1003.205704386091,28.892625
07/11/2021,27.328397912783753,70.87581010732539,1.432835742664552,2.3580661075481006,1003.205704386091,26.34929167
08/11/2021,27.328397912783753,70.87581010732539,1.432835742664552,2.3580661075481006,1003.205704386091,33.143875
09/11/2021,27.328397912783753,70.87581010732539,1.432835742664552,2.3580661075481006,1003.205704386091,40.72408333
10/11/2021,27.328397912783753,70.87581010732539,1.432835742664552,2.3580661075481006,1003.205704386091,31.15191667
11/11/2021,27.328397912783753,70.87581010732539,1.432835742664552,2.3580661075481006,1003.205704386091,41.21545833
12/11/2021,27.328397912783753,70.87581010732539,1.432835742664552,2.3580661075481006,1003.205704386091,37.23829167
13/11/2021,27.328397912783753,70.87581010732539,1.432835742664552,2.3580661075481006,1003.205704386091,36.39729167
14/11/2021,27.328397912783753,70.87581010732539,1.432835742664552,2.3580661075481006,1003.205704386091,13.311875
15/11/2021,27.328397912783753,70.87581010732539,1.432835742664552,2.3580661075481006,1003.205704386091,41.98575
16/11/2021,27.328397912783753,70.87581010732539,1.432835742664552,2.3580661075481006,1003.205704386091,50.99970833
17/11/2021,27.328397912783753,70.87581010732539,1.432835742664552,2.3580661075481006,1003.205704386091,37.01741667
18/11/2021,27.328397912783753,70.87581010732539,1.432835742664552,2.3580661075481006,1003.205704386091,35.64766667
19/11/2021,27.328397912783753,70.87581010732539,1.432835742664552,2.3580661075481006,1003.205704386091,45.19691667
20/11/2021,27.328397912783753,70.87581010732539,1.432835742664552,2.3580661075481006,1003.205704386091,47.1755
21/11/2021,27.328397912783753,70.87581010732539,1.432835742664552,2.3580661075481006,1003.205704386091,36.38925
22/11/2021,27.328397912783753,70.87581010732539,1.432835742664552,2.3580661075481006,1003.205704386091,33.690625
23/11/2021,27.328397912783753,61.461538,1.432835742664552,2.3580661075481006,1003.205704386091,37.95766667
24/11/2021,28.858333,68,3.2125,0,1008.216667,40.34916667
25/11/2021,28.958333,66.708333,3.120833,0,1007.429167,56.94091667
26/11/2021,28.925,67.458333,3.0375,0,1007.5,59.934
27/11/2021,28.416667,70.5,2.966667,4.8,1007.7,39.611125
28/11/2021,28.729167,68.541667,2.875,0,1007.883333,33.405125
29/11/2021,28.991667,68,3.1875,0,1007.3125,43.35683333
30/11/2021,28.866667,67.25,2.945833,0,1007.620833,39.72170833
01/12/2021,28.804167,67.125,2.8,0,1007.133333,32.64104167
02/12/2021,28.65,67.416667,2.725,0,1006.395833,37.273625
03/12/2021,29.054167,68.375,3.104167,0,1005.941667,34.21225
04/12/2021,29.1625,66.708333,3.170833,0,1007.8375,36.49858333
05/12/2021,29.0875,66.916667,3.620833,0.4,1008.6875,46.2525
06/12/2021,27.458333,75.708333,2.754167,0.4,1008.0875,50.57991667
07/12/2021,28.370833,71.416667,2.716667,4,1007.375,44.626
08/12/2021,28.825,67.291667,3.304167,0,1007.025,43.72404167
09/12/2021,28.883333,66.833333,2.820833,0.6,1007.2,40.50141667
10/12/2021,28.908333,65.5,3.445833,0,1006.675,44.73883333
11/12/2021,28.9625,65.416667,3.720833,0,1005.358333,44.64479167
12/12/2021,29.013043,65.565217,3.686957,0,1005.573913,48.31320833
13/12/2021,28.625,67.583333,3.65,2,1006.641667,48.19520833
14/12/2021,28.720833,68.25,3.591667,1.2,1007.341667,44.14845833
15/12/2021,28.9625,66.541667,3.504167,0.4,1006.741667,53.64
16/12/2021,28.991667,66.041667,3.870833,0,1006.658333,51.65458333
17/12/2021,29.004167,65.791667,3.420833,0,1007.283333,51.37566667
18/12/2021,29.083333,65.833333,3.8125,0,1007.316667,56.39745833
19/12/2021,28.9125,66,3.483333,0,1007.208333,48.39175
20/12/2021,28.625,66.75,3.1875,0.4,1006.7875,48.109
21/12/2021,28.558333,68.75,3.091667,0.8,1007.345833,42.59433333
22/12/2021,28.795833,67.166667,3.370833,0,1007.7625,51.32329167
23/12/2021,29.070833,66.791667,3.075,0,1007.354167,44.137375
24/12/2021,28.733333,68.416667,2.458333,0,1006.625,27.18170833
25/12/2021,28.95,67.25,2.129167,0.2,1006.8,15.83208333
26/12/2021,27.8125,77.166667,1.454167,16.4,1008.645833,11.361625
27/12/2021,28.55,72.166667,2.241667,0.2,1008.520833,46.96004167
28/12/2021,28.9,68.416667,3.179167,0.2,1008.6125,40.81595833
29/12/2021,28.654167,70.416667,2.95,0,1008.683333,38.368125
30/12/2021,28.095833,72.541667,2.804167,0.4,1007.408333,28.47120833
31/12/2021,26.816667,79.375,1.9125,3.8,1006.795833,28.24208333
01/01/2022,26.972727,79.818182,1.595455,22,1007.577273,3.695333333
02/01/2022,25.752174,84.521739,0.973913,2.3580661075481006,1009.008696,19.667125
03/01/2022,27.095652,78.565217,1.878261,28.2,1008.352174,18.243875
04/01/2022,27.4625,75.125,2.120833,0.2,1006.795833,12.781
05/01/2022,26.541667,79.625,2.029167,20.8,1007.504167,6.771
06/01/2022,26.795833,79.083333,1.533333,13.6,1007.804167,24.21991667
07/01/2022,27.595833,74.125,2.191667,4.4,1007.920833,36.31016667
08/01/2022,27.9625,69,3.066667,0.2,1007.741667,30.68525
09/01/2022,27.916667,70.875,1.916667,0.2,1008.304167,22.02779167
10/01/2022,27.741667,73.166667,1.558333,0.2,1008.154167,14.006
11/01/2022,25.9875,81.708333,0.966667,26,1008.6375,11.30295833
12/01/2022,26.795833,77.833333,1.0625,9.6,1009.041667,6.988041667
13/01/2022,27.2625,74.875,1.0875,0,1010.508333,3.368333333
14/01/2022,27.445833,73.625,1.904167,0,1010.875,17.535375
15/01/2022,25.569565,84.869565,1.047826,5.6,1010.434783,9.505083333
16/01/2022,25.317391,86.565217,0.621739,15.2,1009.878261,4.980291667
17/01/2022,26.679167,81.791667,1.625,8.6,1009.008333,8.385833333
18/01/2022,27.875,73.416667,2.220833,6.6,1009.2875,38.0725
19/01/2022,28.116667,72.083333,2.045833,0.4,1010.433333,21.746625
20/01/2022,27.870833,74.75,1.7625,0.4,1009.6375,27.465
21/01/2022,28.1875,72.458333,2.195833,4.4,1007.483333,17.46604167
22/01/2022,27.070833,76.583333,1.483333,4.2,1007.575,16.6205
23/01/2022,27.895833,68.291667,2.3375,8.8,1007.845833,38.36429167
24/01/2022,27.495833,71.708333,1.670833,0,1007.979167,25.91258333
25/01/2022,26.283333,78.291667,0.966667,0,1008.216667,17.6055
26/01/2022,26.879167,77.25,2.425,13,1007.016667,17.452875
27/01/2022,25.254167,82.5,1.029167,35.6,1007.383333,10.13170833
28/01/2022,23.916667,87.25,0.929167,0.6,1007.983333,9.71725
29/01/2022,25.266667,80.375,1.204167,19,1008.345833,7.504208333
30/01/2022,27.004348,76.913043,1.913043,0.4,1008.778261,14.540875
31/01/2022,28.066667,71.708333,3.041667,2.4,1007.9,16.32945833
01/02/2022,27.895833,71.916667,2.454167,0,1008.270833,18.88558333
02/02/2022,28.125,74.208333,2.35,0.6,1008.779167,10.46029167
03/02/2022,27.766667,76.291667,2.141667,2,1008.083333,17.12829167
04/02/2022,27.0625,79.625,1.941667,14.2,1007.883333,11.2775
05/02/2022,27.083333,76.708333,2.033333,23.4,1007.841667,14.78916667
06/02/2022,27.575,72.5,1.591667,1.2,1008.2375,19.71183333
07/02/2022,27.183333,75.916667,1.629167,0,1008.15,12.85533333
08/02/2022,27.9,72.916667,2.225,0,1007.170833,23.11283333
09/02/2022,28.266667,68.416667,2.3875,0.4,1006.725,18.353625
10/02/2022,27.570833,72.25,1.570833,0.4,1007.05,14.05745833
11/02/2022,27.566667,73.125,1.7625,0.6,1007.475,28.00566667
12/02/2022,27.945833,71.291667,1.908333,0.2,1007.616667,25.114125
13/02/2022,28.279167,73.833333,2.258333,5.8,1007.395833,35.95291667
14/02/2022,28.083333,72.666667,2.329167,4.6,1007.4375,15.52833333
15/02/2022,27.545833,72.75,2.55,9.4,1008.1,30.44141667
16/02/2022,27.366667,75,1.0375,2.6,1008.8875,18.78508333
17/02/2022,27.2,74.583333,1.1,5.4,1008.520833,6.643416667
18/02/2022,27.295652,74.217391,1.508696,0.8,1006.873913,14.10941667
19/02/2022,26.391304,79.043478,1.913043,45.2,1007.278261,10.314875
20/02/2022,26.304167,80.166667,1.329167,0.4,1008.779167,10.53854167
21/02/2022,27.1125,75.166667,2.116667,1.4,1009.2125,36.09029167
22/02/2022,28.25,68.625,2.6625,0,1008.629167,38.44554167
23/02/2022,28.445833,71.083333,2.475,0,1008.016667,33.19325
24/02/2022,28.1625,72.875,2.675,3,1007.45,12.24533333
25/02/2022,27.833333,75.666667,2.533333,21.2,1008.9875,24.42525
26/02/2022,27.845833,73.75,2.133333,3.2,1008.791667,32.7905
27/02/2022,28.225,70.541667,2.5375,0.2,1007.704167,26.84504167
28/02/2022,28.083333,70.958333,2.55,0,1007.483333,35.89333333
01/03/2022,28.395833,69.083333,2.616667,1,1008.108333,29.45641667
02/03/2022,28.382609,71.782609,2.595652,0,1008.069565,14.54816667
03/03/2022,28.1875,72.375,2.0875,0,1007.816667,19.984125
04/03/2022,28.083333,73.541667,1.766667,8.2,1007.020833,16.57245833
05/03/2022,27.4,76.708333,1.391667,0.2,1006.391667,14.35058333
06/03/2022,25.833333,83.916667,1.533333,32,1006.2125,5.038333333
07/03/2022,26.158333,78.125,1.541667,52.4,1006.666667,1.327208333
08/03/2022,27.3375,76.625,1.816667,2.8,1006.7,9.943666667
09/03/2022,28.175,74.625,2.216667,2.6,1006.604167,2.272458333
10/03/2022,27.8125,76,1.929167,1.4,1006.633333,4.839666667
11/03/2022,24.241667,90.708333,0.6375,77.4,1007.8375,6.229416667
12/03/2022,26.191667,81.791667,0.779167,23.8,1008.179167,0.60675
13/03/2022,26.366667,80.583333,1.3125,4.6,1008.5125,2.42925
14/03/2022,26.75,80.5,1.220833,0.6,1007.1625,10.34225
15/03/2022,26.179167,84.458333,1.095833,10.8,1007.058333,4.008541667
16/03/2022,24.954167,88.875,0.620833,28.4,1008.379167,4.69825
17/03/2022,25.895833,83.708333,1.2625,8.2,1008.516667,5.935375
18/03/2022,26.956522,79.652174,1.856522,2.8,1007.682609,23.01008333
19/03/2022,27.021739,79.782609,1.734783,19.2,1007.843478,0.834583333
20/03/2022,26.733333,79.625,1.275,0.2,1007.783333,4.644583333
21/03/2022,27.195833,78.416667,1.6625,0.6,1006.895833,14.04970833
22/03/2022,25.154167,87.916667,1.404167,37,1007.654167,10.68275
23/03/2022,25.141667,88.25,0.825,41,1008.375,6.77
24/03/2022,26.795833,80.041667,1.15,1.8,1007.979167,4.133166667
25/03/2022,26.966667,80.083333,1.379167,0.6,1007.1625,8.991958333
26/03/2022,25.469565,85.608696,1.247826,70.6,1007.226087,10.38266667
27/03/2022,26.204167,84.375,1.229167,9.2,1007.345833,5.970541667
28/03/2022,24.8,92.458333,0.870833,57.6,1008.220833,15.49691667
29/03/2022,24.670833,92.75,0.620833,36.2,1007.195833,2.53575
30/03/2022,26.495833,82.458333,1.275,36.8,1006.004167,6.575208333
31/03/2022,25.895833,82,1.908333,26.8,1007.458333,2.6815
01/04/2022,25.645833,85,0.725,35.6,1009.1375,4.61475
02/04/2022,24.441667,87.625,1.308333,35,1009.904167,9.762583333
03/04/2022,25.804167,86.041667,1.891667,6,1007.654167,8.304
04/04/2022,25.554167,87.75,1.266667,45.6,1007.8,7.316458333
05/04/2022,26.729167,80.791667,1.254167,2.8,1008.045833,4.875875
06/04/2022,26.1375,83.833333,1.479167,9.4,1007.991667,6.2
07/04/2022,25.995833,85.25,1.329167,29.4,1008.270833,12.98516667
08/04/2022,25.479167,87.708333,1.3625,43.2,1008.929167,4.777791667
09/04/2022,26.570833,81.958333,1.241667,5.2,1007.870833,3.887625
10/04/2022,26.4375,84.958333,0.904167,4,1007.2125,5.507833333
11/04/2022,25.05,90.625,0.370833,11,1007.45,2.396125
12/04/2022,27,80,1.470833,16.4,1007.275,8.588833333
13/04/2022,27.345833,76.708333,1.0125,0,1007.55,10.08658333
14/04/2022,27.4125,77.666667,0.8125,0,1007.145833,5.965583333
15/04/2022,27.420833,76.625,0.9875,0,1006.895833,2.06725
16/04/2022,27.4125,80.083333,1.041667,1,1007.675,1.701416667
17/04/2022,27.395833,79.625,1.091667,4.2,1007.441667,2.926958333
18/04/2022,26.658333,81.291667,1.341667,28.6,1007.866667,0.803875
19/04/2022,26.35,82.708333,1.333333,13,1008.095833,2.796708333
20/04/2022,27.291667,78.041667,1.9875,1.2,1007.708333,8.605666667
21/04/2022,27.558333,78.458333,1.866667,0.4,1007.291667,11.22116667
22/04/2022,25.879167,87.541667,1.2125,34.4,1006.920833,0.520875
23/04/2022,24.608333,93.333333,0.791667,64.2,1008.5375,8.101125
24/04/2022,26.241667,82,1.629167,13,1008.895833,1.394291667
25/04/2022,26.375,79.625,1.8625,2.6,1008.4875,21.54508333
26/04/2022,27.429167,75.458333,2.191667,0.2,1007.266667,8.127958333
27/04/2022,27.5625,73.583333,2.045833,0.6,1007.333333,10.62620833
28/04/2022,27.458333,77,1.641667,2.4,1008.175,0.875375
29/04/2022,26.979167,78.333333,1.529167,4.4,1008.358333,1.114
30/04/2022,26.654167,78.75,2.016667,67.4,1008.516667,6.64075
01/05/2022,27.329167,73,2.1625,0,1008.5375,10.37654167
02/05/2022,27.1125,79.333333,1.991667,1.2,1008.675,11.82345833
03/05/2022,27.85,76.791667,2.2375,1,1008.341667,5.408041667
04/05/2022,27.404167,76.25,1.895833,0,1008.9625,1.750458333
05/05/2022,26.041667,81.458333,1.7125,15,1009.754167,7.3625
06/05/2022,25.4875,85.25,1.725,12.2,1010.254167,8.646833333
07/05/2022,26.783333,78.291667,1.983333,2,1009.958333,11.790125
08/05/2022,26.183333,80.791667,1.295833,0,1009.075,14.12170833
09/05/2022,25.786957,84.26087,1.069565,15.8,1008.917391,2.27275
10/05/2022,25.629167,85.625,0.845833,39.6,1009.625,2.170416667
11/05/2022,25.3375,87.333333,0.970833,0,1009.4375,1.072875
12/05/2022,26.029167,84.541667,1.9875,28.2,1009.095833,6.8085
13/05/2022,25.754167,87.791667,1.379167,18.2,1009.508333,7.516916667
14/05/2022,26.875,79.333333,2.195833,7,1008.891667,12.06529167
15/05/2022,27.266667,78.375,2.1375,4.2,1008.679167,21.06204167
16/05/2022,26.7625,79.708333,1.783333,0,1009.491667,10.747125
17/05/2022,27.241667,79,1.670833,1.2,1009.091667,11.90579167
18/05/2022,26.958333,80.666667,1.220833,0.2,1008.441667,6.940125
19/05/2022,27.358333,77.047619,0.979167,0,1008.529167,2.612875
20/05/2022,27.320833,74.611111,1.133333,0,1010.979167,0.87225
21/05/2022,26.3375,80.869565,1.366667,6.2,1012.666667,2.148833333
22/05/2022,25.458333,83,1.491667,12.4,1012.3625,0.737833333
23/05/2022,25.8875,75.736842,1.504167,16.4,1011.191667,1.633541667
24/05/2022,25.291667,83.666667,1.354167,22.8,1011.229167,3.39325
25/05/2022,25.85,75.52381,1.770833,25.4,1011.745833,3.596875
26/05/2022,26,81.083333,1.404167,2.4,1010.758333,6.968208333
27/05/2022,25.675,81.166667,2.025,4.2,1010.475,1.915083333
28/05/2022,24.995833,86.095238,1.358333,9.8,1009.570833,8.000333333
29/05/2022,25.621739,70.384615,1.647826,16.8,1009.195652,7.6785
30/05/2022,25.134783,86.095238,1.204348,3.8,1007.847826,4.934
31/05/2022,26.447826,75,1.604348,8.4,1007.421739,16.28833333
01/06/2022,25.225,86.75,1.104167,8.8,1007.7875,6.525666667
02/06/2022,24.5125,70.87581010732539,1.2375,89,1008.566667,4.749958333
03/06/2022,26.054167,79.541667,1.195833,19.8,1009.233333,3.021583333
04/06/2022,25.554167,83.590909,0.725,0.2,1009.504167,31.07467
05/06/2022,25.2625,81.842105,1.504167,13,1009.641667,2.349666667
06/06/2022,26.2,73.444444,1.4625,0.6,1008.766667,3.050958333
07/06/2022,25.254167,81.625,1.691667,4.2,1009.333333,9.209875
08/06/2022,25.6625,77.15,1.354167,1.6,1009.3625,11.99608333
09/06/2022,25.7,78.166667,1.779167,1.8,1009.658333,10.86229167
10/06/2022,26.195833,77,1.941667,0,1009.466667,16.409
11/06/2022,26.145833,79.217391,1.6125,6.8,1009.579167,6.533291667
12/06/2022,26.1125,77,1.6375,0,1010.229167,12.74254167
13/06/2022,26.533333,74.375,1.970833,0,1010.858333,16.93679167
14/06/2022,26.570833,69.958333,2.204167,0,1011.554167,29.18766667
15/06/2022,25.982609,73.826087,2.017391,0,1011.1,21.564375
16/06/2022,25.995833,73.166667,1.983333,0,1010.254167,15.86095833
17/06/2022,25.754167,73.083333,1.891667,0.8,1009.454167,11.73966667
18/06/2022,25.586957,74.782609,1.704348,0,1010.647826,15.14391667
19/06/2022,26.204348,76.782609,2.013043,0,1010.556522,20.0245
20/06/2022,26.958333,73.5,2.066667,0.2,1010.183333,11.38316667
21/06/2022,25.152174,78.304348,2.234783,12.2,1009.93913,14.80666667
22/06/2022,24.630435,78.210526,1.395652,0,1009.656522,9.923
23/06/2022,25.283333,78.625,1.758333,0,1010.079167,5.441916667
24/06/2022,26.0375,76.45,1.8375,5.2,1009.841667,4.507666667
25/06/2022,25.945833,70.25,2.0625,1.4,1009.291667,6.324666667
26/06/2022,26.620833,71,1.508333,0,1008.966667,6.824666667
27/06/2022,26.790909,72.727273,1.909091,0,1009.145455,8.163583333
28/06/2022,25.96087,72.347826,1.886957,6,1010.873913,8.153458333
29/06/2022,25.9375,81.166667,1.504167,13.2,1011.520833,11.71925
30/06/2022,26.317391,68.294118,1.717391,0.6,1010.347826,15.24125
01/07/2022,26.170833,76.3,1.416667,0,1010.0625,21.62758333
02/07/2022,26.466667,79.625,1.8625,23.8,1011.3625,11.75333333
03/07/2022,25.7875,73.375,2.5125,1.2,1012.4625,15.262125
04/07/2022,25.4625,74,2.241667,0,1011.529167,8.243291667
05/07/2022,24.916667,79,1.879167,12.6,1010.6125,7.096083333
06/07/2022,25.129167,76.75,1.683333,0,1010.254167,6.690541667
07/07/2022,25.225,78.909091,2.575,11.8,1011.904167,19.72520833
08/07/2022,25.354167,80.208333,2.133333,0,1012.7375,19.285
09/07/2022,25.616667,74.125,2.745833,7,1011.875,5.500541667
10/07/2022,26.629167,71,2.3875,0,1010.120833,18.21104167
11/07/2022,26.0125,72.708333,1.779167,0,1008.995833,3.714416667
12/07/2022,27.141667,68,2.1625,0,1009.758333,2.396666667
13/07/2022,26.682609,73.869565,2.356522,0,1010.921739,29.9465
14/07/2022,26.9,69.25,2.541667,0,1010.775,24.92479167
15/07/2022,26.254167,72.541667,1.708333,0.6,1010.241667,3.255375
16/07/2022,26.629167,74.083333,1.845833,1,1009.675,16.25829167
17/07/2022,26.975,72.333333,3.0625,0,1010.954167,21.448625
18/07/2022,26.925,65.208333,2.866667,0,1011.845833,20.615875
19/07/2022,26.941667,69.5,1.954167,0,1010.8125,5.657916667
20/07/2022,26.004167,67.958333,2.229167,0,1009.7375,8.5215
21/07/2022,24.645833,79.208333,1.6125,0,1009.741667,13.26791667
22/07/2022,25.641667,74.833333,2.404167,0.8,1009.866667,11.11204167
23/07/2022,26.716667,67.5,2.395833,0,1009.325,16.68595833
24/07/2022,26.7375,71.916667,2.054167,0,1009.329167,11.585875
25/07/2022,26.8125,62.916667,2.629167,0,1009.975,13.26391667
26/07/2022,25.9,67.625,2.329167,0,1010.279167,10.792875
27/07/2022,26.2125,71.458333,2.2125,0,1010.808333,17.54595833
28/07/2022,26.683333,69.958333,2.120833,0,1009.729167,16.39154167
29/07/2022,26.970833,70.041667,2.158333,0,1010.0375,19.723625
30/07/2022,25.091667,86.090909,1.645833,4.2,1011.204167,17.424375
31/07/2022,26.141667,73.125,1.7875,47.2,1011.2625,34.718
01/08/2022,26.570833,70.708333,2.954167,2.3580661075481006,1010.695833,30.34470833
02/08/2022,26.721739,70.347826,2.217391,2.3580661075481006,1009.834783,25.72595833
03/08/2022,25.875,78.458333,2.233333,2.3580661075481006,1009.995833,14.798125
04/08/2022,25.675,76.434783,1.583333,2.3580661075481006,1009.945833,36.049875
05/08/2022,26.120833,74.25,2.083333,2.3580661075481006,1010.041667,22.824625
06/08/2022,27.058333,67.916667,2.733333,2.3580661075481006,1009.55,31.181375
07/08/2022,26.821739,70.608696,2.93913,2.3580661075481006,1009.8,28.09279167
08/08/2022,26.695833,66.125,2.966667,2.3580661075481006,1010.283333,29.38804167
09/08/2022,26.625,70.666667,2.783333,2.3580661075481006,1011.504167,35.219
10/08/2022,25.882609,73.956522,1.947826,2.3580661075481006,1011.834783,34.93470833
11/08/2022,25.695833,75.291667,1.833333,2.3580661075481006,1011.391667,33.71654167
12/08/2022,26.566667,74.125,2.420833,2.3580661075481006,1012.391667,42.41191667
13/08/2022,27.1625,68.875,2.925,2.3580661075481006,1012.875,41.67470833
14/08/2022,26.520833,64.166667,1.916667,2.3580661075481006,1012.083333,30.12641667
15/08/2022,25.965217,63.521739,2.443478,2.3580661075481006,1010.456522,15.40979167
16/08/2022,25.85,64,2.7125,2.3580661075481006,1010.416667,20.18216667
17/08/2022,26.404167,64.083333,2.995833,2.3580661075481006,1010.245833,30.53025
18/08/2022,26.854167,65.625,2.779167,2.3580661075481006,1010.0625,27.25495833
19/08/2022,26.870833,63.208333,2.666667,2.3580661075481006,1010.829167,14.93233333
20/08/2022,26.633333,64.291667,2.933333,2.3580661075481006,1010.458333,21.89229167
21/08/2022,26.96087,61.217391,3.021739,2.3580661075481006,1010.934783,20.36416667
22/08/2022,26.891304,64.652174,2.873913,2.3580661075481006,1010.921739,31.16304167
23/08/2022,27.058333,70.541667,2.458333,2.3580661075481006,1010.8375,21.728375
24/08/2022,26.791667,71.625,2.333333,2.3580661075481006,1011.541667,25.65829167
25/08/2022,26.929167,64.208333,2.775,2.3580661075481006,1011.925,20.94708333
26/08/2022,26.5125,60.5,2.770833,2.3580661075481006,1011.670833,16.38891667
27/08/2022,26.466667,66.958333,2.608333,2.3580661075481006,1010.5875,26.59816667
28/08/2022,27.129167,65.083333,3.141667,2.3580661075481006,1010.6375,31.48041667
29/08/2022,27.070833,66.541667,3.216667,2.3580661075481006,1010.425,13.711875
30/08/2022,27.683333,61.416667,3.05,2.3580661075481006,1010.008333,21.67433333
31/08/2022,27.4375,61.666667,2.754167,2.3580661075481006,1010.55,17.72508333
01/09/2022,26.920833,65.625,3.2125,2.3580661075481006,1010.0875,26.141
02/09/2022,26.7875,65.541667,3.55,0,1010.545833,28.52141667
03/09/2022,26.820833,67.958333,3.345833,0,1011.429167,37.46683333
04/09/2022,27.2375,68.416667,2.675,0,1011.225,48.34158333
05/09/2022,27.5875,66.25,3.541667,0,1011.866667,37.132625
06/09/2022,27.3875,66.958333,3.358333,0,1012.170833,32.89729167
07/09/2022,27.629167,57.041667,3.25,0,1011.804167,36.951375
08/09/2022,27.095833,60.041667,3.020833,0,1010.7375,31.77508333
09/09/2022,27.0625,64.958333,3.133333,0,1011.2875,37.72133333
10/09/2022,26.8625,68.333333,3.008333,0,1011.8375,35.898625
11/09/2022,26.625,67.875,3.183333,0,1011.195833,38.43120833
12/09/2022,27.220833,66.25,3.15,0.2,1010.091667,33.56891667
13/09/2022,27.15,68.166667,3.325,1.2,1009.7625,36.92658333
14/09/2022,27.233333,71.208333,2.720833,0.4,1010.566667,39.58320833
15/09/2022,27.116667,67.166667,3.125,0.6,1011.058333,42.18566667
16/09/2022,26.591667,71.416667,2.3625,0,1010.845833,41.513375
17/09/2022,26.813636,69.090909,2.618182,1.4,1010.131818,42.08275
18/09/2022,27.383333,68.833333,3.166667,0.2,1009.625,15.991625
19/09/2022,27.483333,67.5,3.3125,1,1009.195833,40.55708333
20/09/2022,27.308696,65.173913,3.469565,0,1009.313043,47.925125
21/09/2022,27.016667,69.708333,3.295833,0,1009.391667,49.73470833
22/09/2022,27.608333,63.375,3.291667,0,1009.65,39.37983333
23/09/2022,27.445833,68.458333,2.629167,0,1009.491667,34.701125
24/09/2022,27.741667,68.208333,3.158333,0,1009.691667,38.66175
25/09/2022,27.554167,65.208333,3.054167,0,1010.175,44.82233333
26/09/2022,27.291667,67.583333,3.075,1.6,1010.391667,42.19466667
27/09/2022,27.383333,66.375,3.3375,0,1010.445833,27.58779167
28/09/2022,27.386957,63.347826,3.578261,0.2,1009.765217,40.08875
29/09/2022,27.541667,64.541667,3.1875,0.2,1009.616667,41.693125
30/09/2022,27.625,65.708333,3.079167,0,1010.0625,43.481125
01/10/2022,27.575,65.375,3.583333,0,1010.404167,41.921875
02/10/2022,27.5375,64.416667,3.5125,0.6,1010.6375,40.33604167
03/10/2022,27.291667,64.166667,2.979167,0.8,1010.7125,32.90041667
04/10/2022,27.454167,66.208333,2.7,0.2,1009.745833,33.4005
05/10/2022,27.579167,66.541667,3.304167,0,1009,49.08466667
06/10/2022,27.941667,64.75,3.483333,0,1009.7375,51.09891667
07/10/2022,27.6,69.458333,2.283333,0,1009.25,33.74966667
08/10/2022,27.725,69.541667,3.225,0.4,1007.904167,34.660375
09/10/2022,27.679167,69.708333,3.358333,0,1008.704167,54.40570833
10/10/2022,28.183333,66.5,3.545833,0,1010.158333,50.316
11/10/2022,28.3125,61.291667,3.583333,0,1010.179167,8.401541667
12/10/2022,28.416667,58.666667,3.025,0,1008.391667,40.53275
13/10/2022,28.279167,65.083333,3.454167,0,1009.208333,49.44004167
14/10/2022,27.895833,64.875,3.333333,0,1010.5125,52.45995833
15/10/2022,27.675,65.791667,2.970833,0,1009.870833,41.559
16/10/2022,28.245833,60.541667,3.566667,0,1008.383333,37.6795
17/10/2022,27.745833,66,4.15,1,1008.445833,46.25733333
18/10/2022,27.920833,65.958333,3.770833,0.4,1010.4375,51.208625
19/10/2022,27.770833,67.625,3.345833,3.6,1010.616667,50.074875
20/10/2022,27.826087,62.826087,3.691304,0,1008.873913,40.44233333
21/10/2022,27.754167,62.916667,3.75,0,1007.766667,46.80391667
22/10/2022,27.033333,71.041667,3.083333,1.6,1008.879167,47.41825
23/10/2022,27.725,68.541667,3.033333,0.2,1009.995833,46.772
24/10/2022,27.779167,68.541667,3.4,0,1008.945833,45.89433333
25/10/2022,27.816667,66.875,3.533333,0,1007.954167,44.043375
26/10/2022,27.4875,67.416667,2.5,0,1008.479167,32.525875
27/10/2022,27.868182,67.136364,2.945455,0,1009.181818,2.050541667
28/10/2022,28.25,64.708333,3.65,0,1008.966667,48.13025
29/10/2022,28.129167,65.5,3.6,0,1007.404167,46.969125
30/10/2022,28.041667,61.333333,3.220833,0.2,1007.054167,57.98508333
31/10/2022,27.830435,65.695652,2.565217,0,1008.147826,48.07
01/11/2022,27.908333,67.416667,2.508333,0,1009.070833,51.03983333
02/11/2022,27.416667,70.458333,2.079167,0,1008.9,29.41983333
03/11/2022,27.716667,68.416667,2.833333,0.2,1008.641667,31.262625
04/11/2022,27.3875,73.125,1.9,5,1008.779167,23.65295833
05/11/2022,27.529167,72.208333,1.845833,0,1008.7625,17.31208333
06/11/2022,27.4625,72.041667,2.45,0.6,1009.1125,7.611166667
07/11/2022,27.095833,72.291667,2.529167,9.4,1009.65,31.33879167
08/11/2022,27.7125,66.25,2.675,0,1010.325,44.049375
09/11/2022,27.458333,70.375,2.070833,0,1010.5875,35.584
10/11/2022,28.133333,65.666667,2.970833,0,1009.433333,38.038125
11/11/2022,27.8,65.583333,3.095833,0,1008.504167,35.45829167
12/11/2022,27.933333,64.583333,2.625,0,1007.783333,33.54658333
13/11/2022,27.854167,67.875,2.566667,0,1008.35,39.01383333
14/11/2022,27.45,71.5,2.7375,2.8,1009.591667,50.73058333
15/11/2022,27.9125,65.291667,2.679167,0.4,1010.408333,1.4635
16/11/2022,27.445833,69.25,2.375,0,1008.7125,39.22520833
17/11/2022,27.970833,64.958333,2.945833,0.4,1007.875,32.07383333
18/11/2022,28.1125,64.791667,2.8375,0,1008.4,36.53358333
19/11/2022,27.770833,66.375,2.720833,0,1009.254167,39.02291667
20/11/2022,27.891667,67.458333,2.8625,0,1008.3125,36.25141667
21/11/2022,27.645833,68.291667,3.116667,4.8,1007.645833,44.62225
22/11/2022,27.7875,64.791667,3.041667,0,1007.35,43.06591667
23/11/2022,27.654167,63.958333,2.833333,0.2,1007.395833,45.58491667
24/11/2022,27.504167,68.041667,2.291667,0.8,1007.295833,51.35904167
25/11/2022,28.079167,67.125,2.795833,0.4,1008.179167,43.637125
26/11/2022,27.7375,70.333333,2.058333,0,1008.883333,39.978
27/11/2022,27.725,69.75,2.675,0.6,1008.245833,40.40675
28/11/2022,28.020833,67.166667,2.470833,0.2,1005.858333,30.9615
29/11/2022,27.354167,70.166667,1.4875,0,1004.125,9.019875
30/11/2022,27.358333,70.291667,2.041667,0,1005.170833,11.41229167
01/12/2022,27.66087,67.565217,2.817391,0.2,1006.956522,43.68670833
02/12/2022,28.270833,61.916667,3.7625,0,1007.033333,49.20625
03/12/2022,28.154167,63.5,3.516667,0,1006.145833,33.62779167
04/12/2022,27.633333,66.25,3.1,2.6,1006.1875,26.86895833
05/12/2022,28.041667,65.916667,3.204167,0.2,1007.741667,52.59570833
06/12/2022,27.895833,64.5,2.975,0,1009.804167,49.07070833
07/12/2022,27.65,68.583333,2.625,0,1008.166667,34.17579167
08/12/2022,28.275,67.041667,2.920833,0,1006.995833,51.131125
09/12/2022,28.170833,68.25,2.975,0,1008.354167,41.50270833
10/12/2022,27.883333,70.333333,2.6375,2,1009.1,42.727375
11/12/2022,28.308333,67.541667,2.929167,0,1008.983333,48.65454167
12/12/2022,28.082609,67.434783,2.808696,0,1008.465217,43.79775
13/12/2022,27.778261,69.521739,2.265217,2,1008.056522,36.56233333
14/12/2022,28.433333,67.75,2.875,0,1007.904167,28.76633333
15/12/2022,28.15,67,2.708333,0,1008.116667,35.988125
16/12/2022,28.183333,65.208333,2.704167,0,1007.091667,33.89754167
17/12/2022,27.916667,65.708333,3.0625,0,1006.379167,4.6345
18/12/2022,28.008333,64.708333,2.795833,0,1007.554167,8.175916667
19/12/2022,27.904167,66.5,2.845833,0.6,1008.420833,35.06304167
20/12/2022,27.883333,67.041667,2.575,0,1008.425,32.38616667
21/12/2022,28.066667,69.875,2.420833,0,1008.045833,26.12408333
22/12/2022,28.466667,68,2.795833,0,1007.3875,11.84875
23/12/2022,27.725,71.125,1.625,0,1008.5625,2.515
24/12/2022,26.754167,75.291667,1.445833,0,1009.15,26.93858333
25/12/2022,27.0125,71.583333,2.229167,9.2,1008.5625,38.95079167
26/12/2022,27.5125,67.583333,2.4875,0,1008.120833,42.08208333
27/12/2022,28.070833,66.375,2.6,0,1008.725,37.992125
28/12/2022,28.640909,65.045455,3.340909,0,1009.177273,50.69495833
29/12/2022,27.6,71.75,2.570833,1.8,1009.933333,49.35020833
30/12/2022,27.736364,70.590909,2.822727,0.4,1009.186364,27.82133333
31/12/2022,28.2,65,3.375,0,1008.795833,29.12791667
